,Year,CBPF Name,Cluster,Total Allocations,Targeted People,Reached People
0,2013,Colombia,Emergency Shelter and NFI,107944.58,0,0
1,2013,Colombia,Food Security,641570.31,0,0
2,2013,Colombia,Water Sanitation Hygiene,150000.0,0,0
3,2013,DRC,Coordination and Support Services,508270.0,20259,0
4,2013,DRC,Education,665000.0,32091,0
5,2013,DRC,Emergency Shelter and NFI,1008805.0,33269,0
6,2013,DRC,Food Security,875000.0,23238,0
7,2013,DRC,Health,1163009.0,305923,0
8,2013,DRC,Logistics,1154994.44,103183,0
9,2013,DRC,Nutrition,261000.0,3290,0
10,2013,DRC,Protection,888820.0,772975,0
11,2013,DRC,Water Sanitation Hygiene,1645000.0,655656,0
12,2013,Ethiopia,Education,368884.0,0,0
13,2013,Ethiopia,Food Security,1348484.72,0,0
14,2013,Ethiopia,Multi-Sector,160512.43,0,0
15,2013,Ethiopia,Nutrition,5477865.82,0,0
16,2013,Ethiopia,Protection,3058421.77,0,0
17,2013,Haiti,Coordination and Support Services,197235.29,0,0
18,2013,Haiti,Health,248775.0,0,0
19,2013,Haiti,Multi-Sector,499234.08,0,0
20,2013,Myanmar,Water Sanitation Hygiene,78945.0,0,0
21,2013,oPt,Emergency Shelter and NFI,247725.0,0,0
22,2013,oPt,Health,204798.0,0,0
23,2013,oPt,Water Sanitation Hygiene,300000.0,0,0
24,2013,Pakistan,Education,499649.0,0,0
25,2013,Pakistan,Emergency Shelter and NFI,2370449.0,0,0
26,2013,Pakistan,Food Security,2058800.0,0,0
27,2013,Pakistan,Health,718744.47,0,0
28,2013,Pakistan,Multi-Sector,1982785.96,0,0
29,2013,Pakistan,Protection,62188.0,0,0
30,2013,Pakistan,Water Sanitation Hygiene,224764.0,0,0
31,2013,Sudan,Camp Coordination / Management,4222224.0,334931,146962
32,2013,Sudan,Coordination and Support Services,1931358.35,959695,1080694
33,2013,Sudan,Early Recovery,1649790.38,209193,232849
34,2013,Sudan,Education,5314500.51,130258,176164
35,2013,Sudan,Emergency Shelter and NFI,1917012.43,457988,170577
36,2013,Sudan,Food Security,6710317.97,1510063,1828558
37,2013,Sudan,Health,4125332.28,4561353,2938479
38,2013,Sudan,Logistics,1064199.96,765000,450004
39,2013,Sudan,Nutrition,3753500.57,487528,681181
40,2013,Sudan,Protection,4409157.390000001,935075,272334
41,2013,Sudan,Water Sanitation Hygiene,5166461.08,944836,1070963
42,2013,Yemen,Coordination and Support Services,457596.2,0,0
43,2013,Yemen,Early Recovery,644375.4,0,0
44,2013,Yemen,Emergency Shelter and NFI,654573.5,0,0
45,2013,Yemen,Food Security,485003.0,0,0
46,2013,Yemen,Health,2406144.33,0,0
47,2013,Yemen,Logistics,488300.0,0,0
48,2013,Yemen,Multi-Sector,1468095.29,0,0
49,2013,Yemen,Nutrition,512456.61,0,0
50,2013,Yemen,Protection,233839.27,0,0
0,2014,Afghanistan,Coordination and Support Services,5535993.58,7575,7008
1,2014,Afghanistan,Emergency Shelter and NFI,646355.62,19466,19133
2,2014,Afghanistan,Health,8959964.24,902219,958564
3,2014,Afghanistan,Multi-Sector,4000916.42,221138,440843
4,2014,Afghanistan,Nutrition,15626755.71,776847,966133
5,2014,CAR,Camp Coordination / Management,373002.47,57614,0
6,2014,CAR,Coordination and Support Services,497550.0,60,60
7,2014,CAR,Early Recovery,250000.0,34273,0
8,2014,CAR,Education,1548775.8679999998,105577,117900
9,2014,CAR,Emergency Shelter and NFI,2962630.769,58641,50165
10,2014,CAR,Emergency Telecommunications,219264.4,35,0
11,2014,CAR,Food Security,1954813.9331,79445,71625
12,2014,CAR,Health,2736254.7009,596958,455933
13,2014,CAR,Nutrition,1826854.2126,282635,200007
14,2014,CAR,Protection,4113717.2296,296523,384705
15,2014,CAR,Water Sanitation Hygiene,4308445.0368,307284,157309
16,2014,Colombia,Education,156724.0,0,0
17,2014,Colombia,Emergency Shelter and NFI,383051.0,0,0
18,2014,Colombia,Health,448107.61,0,0
19,2014,Colombia,Protection,117970.56,0,0
20,2014,Colombia,Water Sanitation Hygiene,1644234.54,0,0
21,2014,DRC,Coordination and Support Services,3796969.75,0,0
22,2014,DRC,Education,1305045.14,23921,2182
23,2014,DRC,Emergency Shelter and NFI,3481034.0195,70146,33651
24,2014,DRC,Food Security,15551304.8931,358378,194929
25,2014,DRC,Health,3576382.92,129883,38210
26,2014,DRC,Logistics,5922331.34,60385,1110
27,2014,DRC,Multi-Sector,7814431.0,535082,0
28,2014,DRC,Nutrition,6753282.9648,106241,90088
29,2014,DRC,Protection,6061375.4022,131457,29520
30,2014,DRC,Water Sanitation Hygiene,5334349.6304,869583,71227
31,2014,Ethiopia,Emergency Shelter and NFI,700000.0,0,0
32,2014,Ethiopia,Health,436123.44,0,0
33,2014,Ethiopia,Logistics,2026626.67,0,0
34,2014,Ethiopia,Nutrition,6747753.15,0,0
35,2014,Ethiopia,Water Sanitation Hygiene,5531485.04,0,0
36,2014,Haiti,Coordination and Support Services,1014028.07,0,0
37,2014,Haiti,Health,1316639.99,0,0
38,2014,Haiti,Multi-Sector,249549.68,0,0
39,2014,Haiti,Nutrition,1174350.56,0,0
40,2014,Haiti,Water Sanitation Hygiene,373923.56,0,0
41,2014,Myanmar,Education,530981.0,0,0
42,2014,Myanmar,Health,630901.04,0,0
43,2014,Myanmar,Protection,1063692.56,0,0
44,2014,Myanmar,Water Sanitation Hygiene,862355.04,0,0
45,2014,oPt,Education,1058250.24,0,0
46,2014,oPt,Emergency Shelter and NFI,1473621.72,0,0
47,2014,oPt,Food Security,8036475.17,0,0
48,2014,oPt,Health,1497963.19,0,0
49,2014,oPt,Protection,2693833.5300000003,0,0
50,2014,oPt,Water Sanitation Hygiene,2761436.11,0,0
51,2014,Pakistan,Education,723614.71,0,0
52,2014,Pakistan,Emergency Shelter and NFI,1200656.39,0,0
53,2014,Pakistan,Food Security,750037.71,0,0
54,2014,Pakistan,Health,1461179.9,0,0
55,2014,Pakistan,Nutrition,1563002.5499999998,0,0
56,2014,Pakistan,Protection,1005526.8,0,0
57,2014,Pakistan,Water Sanitation Hygiene,180775.0,0,0
58,2014,Sudan,Camp Coordination / Management,3192253.58,90940,91583
59,2014,Sudan,Coordination and Support Services,2138398.51,400150,1062029
60,2014,Sudan,Early Recovery,988450.71,174352,109603
61,2014,Sudan,Education,5967706.119999999,165187,173914
62,2014,Sudan,Emergency Shelter and NFI,5517286.77,2231867,1921500
63,2014,Sudan,Food Security,8904912.95,1460869,970580
64,2014,Sudan,Health,9938634.0,8136866,8208203
65,2014,Sudan,Logistics,3250684.95,178200,135000
66,2014,Sudan,Nutrition,5829617.11,859935,1765002
67,2014,Sudan,Protection,4924466.53,662650,479649
68,2014,Sudan,Water Sanitation Hygiene,7880322.380000001,1437768,1334049
69,2014,Syria Cross border,Camp Coordination / Management,399741.89,62225,75604
70,2014,Syria Cross border,Education,401959.41,22547,23597
71,2014,Syria Cross border,Emergency Shelter and NFI,2390462.82,136620,134356
72,2014,Syria Cross border,Food Security,2108627.51,32590,74055
73,2014,Syria Cross border,Health,2501189.15,118096,105383
74,2014,Syria Cross border,Protection,399040.02,12875,16433
75,2014,Syria Cross border,Water Sanitation Hygiene,829276.75,232552,209645
76,2014,Yemen,Coordination and Support Services,28872.58,0,0
77,2014,Yemen,Education,605599.3,0,0
78,2014,Yemen,Emergency Shelter and NFI,4167437.01,0,0
79,2014,Yemen,Food Security,1468198.71,0,0
80,2014,Yemen,Health,4659418.24,0,0
81,2014,Yemen,Logistics,992960.0,0,0
82,2014,Yemen,Multi-Sector,348525.75,0,0
83,2014,Yemen,Nutrition,2037108.52,0,0
84,2014,Yemen,Protection,3544495.75,0,0
85,2014,Yemen,Water Sanitation Hygiene,1944678.71,0,0
0,2015,Afghanistan,Coordination and Support Services,3357883.78,2080,8338
1,2015,Afghanistan,Emergency Shelter and NFI,4184900.53,103819,89288
2,2015,Afghanistan,Food Security,1735818.57,57373,49052
3,2015,Afghanistan,Health,8377527.1502,1411614,1580636
4,2015,Afghanistan,Multi-Sector,6210857.609999999,414035,475785
5,2015,Afghanistan,Nutrition,7242785.06,161353,193698
6,2015,Afghanistan,Protection,1076152.6798,155064,170160
7,2015,Afghanistan,Water Sanitation Hygiene,5575078.69,381991,396652
8,2015,CAR,Camp Coordination / Management,2036586.18,81986,88272
9,2015,CAR,Early Recovery,2609447.726,128509,126150
10,2015,CAR,Education,1889415.59,48862,53738
11,2015,CAR,Emergency Shelter and NFI,2709259.38,188691,157664
12,2015,CAR,Food Security,3341124.454,99840,119705
13,2015,CAR,Health,3592967.9575,250419,254343
14,2015,CAR,Logistics,581978.35,35000,48000
15,2015,CAR,Nutrition,2368536.34,77596,74752
16,2015,CAR,Protection,3641533.0025,86972,104829
17,2015,CAR,Water Sanitation Hygiene,2444716.25,192391,227324
18,2015,Colombia,Early Recovery,74999.37,696,699
19,2015,Colombia,Education,130209.0,0,0
20,2015,Colombia,Emergency Shelter and NFI,249596.01,1000,570
21,2015,Colombia,Food Security,861849.136,5275,6545
22,2015,Colombia,Protection,86274.0597,317,872
23,2015,Colombia,Water Sanitation Hygiene,711853.7643,2798,3522
24,2015,DRC,Coordination and Support Services,941500.0,40440,86014
25,2015,DRC,Education,1666038.77,53039,94418
26,2015,DRC,Emergency Shelter and NFI,6745900.64,194625,349026
27,2015,DRC,Food Security,6238099.539999999,156356,138419
28,2015,DRC,Health,4718885.84,2009382,2665471
29,2015,DRC,Logistics,3698911.16,371583,402424
30,2015,DRC,Nutrition,898276.7999999999,22030,32176
31,2015,DRC,Protection,1203001.0,40300,73281
32,2015,DRC,Water Sanitation Hygiene,3885829.56,212405,287116
33,2015,Ethiopia,Coordination and Support Services,738356.71,400,751
34,2015,Ethiopia,Early Recovery,496051.15,0,0
35,2015,Ethiopia,Education,282686.51,13380,7406
36,2015,Ethiopia,Emergency Shelter and NFI,1200000.21,0,0
37,2015,Ethiopia,Food Security,6791870.240499999,445681,558673
38,2015,Ethiopia,Health,1000004.88,5309347,5530429
39,2015,Ethiopia,Nutrition,14904133.445099998,696547,837496
40,2015,Ethiopia,Protection,282686.51,13380,7406
41,2015,Ethiopia,Water Sanitation Hygiene,15550760.2944,1150212,1386119
42,2015,Haiti,Coordination and Support Services,656803.3,0,0
43,2015,Haiti,Health,571613.88,0,0
44,2015,Haiti,Protection,244907.43,100920,0
45,2015,Haiti,Water Sanitation Hygiene,629222.0,3680,0
46,2015,Iraq,Camp Coordination / Management,751605.45,0,30109
47,2015,Iraq,Early Recovery,803934.1799999999,6582,11904
48,2015,Iraq,Education,1815911.66,18740,31261
49,2015,Iraq,Emergency Shelter and NFI,1998413.77,24038,27136
50,2015,Iraq,Food Security,1100018.45,50000,52932
51,2015,Iraq,Health,7796987.95,5626955,4619939
52,2015,Iraq,Protection,1481240.67,73425,78950
53,2015,Iraq,Water Sanitation Hygiene,6531930.63,2170186,1565119
54,2015,Jordan,Early Recovery,397486.09,3400,3668
55,2015,Jordan,Education,693513.72,12205,11745
56,2015,Jordan,Emergency Shelter and NFI,6002857.88,55619,60493
57,2015,Jordan,Health,2799522.09,119109,111828
58,2015,Jordan,Multi-Sector,225843.47,50,50
59,2015,Jordan,Protection,555136.09,115640,164419
60,2015,Jordan,Water Sanitation Hygiene,792743.74,83690,88820
61,2015,Lebanon,Early Recovery,126362.195,416,605
62,2015,Lebanon,Education,96565.68,1155,8182
63,2015,Lebanon,Emergency Shelter and NFI,1664774.5699999998,72126,80010
64,2015,Lebanon,Food Security,148698.1,150,170
65,2015,Lebanon,Health,408366.057,10423,29134
66,2015,Lebanon,Protection,2665023.678,24725,30442
67,2015,Lebanon,Water Sanitation Hygiene,360884.25,24840,39824
68,2015,Myanmar,Education,1088975.33,16075,17345
69,2015,Myanmar,Emergency Shelter and NFI,588060.6594,25745,32457
70,2015,Myanmar,Food Security,648470.9395,36660,35714
71,2015,Myanmar,Health,1073129.572,99800,92963
72,2015,Myanmar,Nutrition,299998.54,5825,2761
73,2015,Myanmar,Protection,165857.088,17482,20360
74,2015,Myanmar,Water Sanitation Hygiene,1156309.2211,83483,93788
75,2015,oPt,Education,494456.0,10511,11068
76,2015,oPt,Emergency Shelter and NFI,2491328.29,6660,6577
77,2015,oPt,Food Security,2021435.21,30731,34719
78,2015,oPt,Health,499757.8,17500,26657
79,2015,oPt,Protection,594090.51,23020,17517
80,2015,oPt,Water Sanitation Hygiene,1144052.7,103072,103649
81,2015,Pakistan,Camp Coordination / Management,277400.88,5962,5962
82,2015,Pakistan,Coordination and Support Services,49990.4,3499000,1818000
83,2015,Pakistan,Early Recovery,199990.49,4500,4861
84,2015,Pakistan,Education,699918.89,19048,20450
85,2015,Pakistan,Emergency Shelter and NFI,917705.75,9491,10879
86,2015,Pakistan,Food Security,1600362.99,42121,42626
87,2015,Pakistan,Health,1839773.5,189357,199423
88,2015,Pakistan,Nutrition,1975469.23,108021,170756
89,2015,Pakistan,Protection,1308032.96,22572,13472
90,2015,Pakistan,Water Sanitation Hygiene,1348325.26,78711,89027
91,2015,Somalia,Education,1980375.2,20510,18620
92,2015,Somalia,Emergency Shelter and NFI,1990383.49,146196,142257
93,2015,Somalia,Food Security,5490189.88,307231,508534
94,2015,Somalia,Health,4741426.890000001,521738,610857
95,2015,Somalia,Multi-Sector,2911212.2300000004,10386554,9505313
96,2015,Somalia,Nutrition,4678754.38,84435,138140
97,2015,Somalia,Protection,2192436.68,266405,43586
98,2015,Somalia,Water Sanitation Hygiene,5895206.76,469829,490136
99,2015,South Sudan,Camp Coordination / Management,6759726.87,2045897,2257291
100,2015,South Sudan,Coordination and Support Services,500000.0,100,0
101,2015,South Sudan,Education,5661213.88,137021,188246
102,2015,South Sudan,Emergency Shelter and NFI,11952261.6,657371,756698
103,2015,South Sudan,Emergency Telecommunications,899880.7,1,0
104,2015,South Sudan,Food Security,11012055.31,740511,1206642
105,2015,South Sudan,Health,10819999.75,4219928,4675173
106,2015,South Sudan,Logistics,12334725.72,786,766
107,2015,South Sudan,Nutrition,12123079.11,1069494,1326252
108,2015,South Sudan,Protection,6640090.350000001,411664,615627
109,2015,South Sudan,Water Sanitation Hygiene,13852114.17,1206958,1462823
110,2015,Sudan,Camp Coordination / Management,6283741.55,1224752,1243901
111,2015,Sudan,Coordination and Support Services,1811158.08,475000,809129
112,2015,Sudan,Early Recovery,544819.6,37829,34929
113,2015,Sudan,Education,3445267.394,107544,124470
114,2015,Sudan,Emergency Shelter and NFI,3717950.93,1424649,1155536
115,2015,Sudan,Food Security,5739450.33,830337,485309
116,2015,Sudan,Health,12169606.056,18920086,18862412
117,2015,Sudan,Logistics,3700000.0,43680,42520
118,2015,Sudan,Nutrition,6611786.55,743846,772931
119,2015,Sudan,Protection,3819030.319,3503063,405712
120,2015,Sudan,Water Sanitation Hygiene,7807243.461000001,5857145,3758962
121,2015,Syria,Coordination and Support Services,399431.0,0,0
122,2015,Syria,Emergency Shelter and NFI,751129.39,2891,2065
123,2015,Syria,Food Security,1705795.9500000002,190492,186492
124,2015,Syria,Health,342442.8,7900,23246
125,2015,Syria,Logistics,3009579.37,4,0
126,2015,Syria,Water Sanitation Hygiene,3381297.82,2581309,3389519
127,2015,Syria Cross border,Camp Coordination / Management,5486211.15,358380,930966
128,2015,Syria Cross border,Coordination and Support Services,2386563.2,212,527
129,2015,Syria Cross border,Education,1995365.29,48127,48622
130,2015,Syria Cross border,Emergency Shelter and NFI,3779654.76,54086,61290
131,2015,Syria Cross border,Food Security,12344553.73,478138,593577
132,2015,Syria Cross border,Health,11962595.01,1170954,1064771
133,2015,Syria Cross border,Logistics,1258925.83,0,0
134,2015,Syria Cross border,Nutrition,2879594.79,285556,332146
135,2015,Syria Cross border,Protection,5136022.640000001,1483901,2341155
136,2015,Syria Cross border,Water Sanitation Hygiene,5000077.91,1154289,1128078
137,2015,Yemen,Emergency Shelter and NFI,6712201.529999999,167465,176226
138,2015,Yemen,Food Security,10138720.65,131858,155293
139,2015,Yemen,Health,17359460.6531,1807787,2031986
140,2015,Yemen,Logistics,1244179.5,39577,39581
141,2015,Yemen,Nutrition,1949976.13,26283,30009
142,2015,Yemen,Protection,2768386.3600000003,62651,128972
143,2015,Yemen,Water Sanitation Hygiene,9815511.9669,840826,1191871
0,2016,Afghanistan,Coordination and Support Services,1314127.99,440,74
1,2016,Afghanistan,Emergency Shelter and NFI,5870223.1706,57744,61322
2,2016,Afghanistan,Food Security,5272122.4509000005,153340,161153
3,2016,Afghanistan,Health,13957012.621,1949920,1787811
4,2016,Afghanistan,Multi-Sector,50000.01,8,8
5,2016,Afghanistan,Nutrition,7004189.3555,254049,313812
6,2016,Afghanistan,Protection,3971015.5195,517424,705944
7,2016,Afghanistan,Water Sanitation Hygiene,2315519.3725,127582,84171
8,2016,CAR,Camp Coordination / Management,613633.6799999999,71308,50890
9,2016,CAR,Early Recovery,972000.2952,272236,50773
10,2016,CAR,Education,1579690.58,49772,55487
11,2016,CAR,Emergency Shelter and NFI,754583.8600000001,39211,41860
12,2016,CAR,Food Security,3770060.348,64445,62318
13,2016,CAR,Health,3773776.6295,2187009,1926058
14,2016,CAR,Logistics,589999.71,21416,2069
15,2016,CAR,Nutrition,2137786.5545,71922,69703
16,2016,CAR,Protection,3233473.8288000003,946590,977961
17,2016,CAR,Water Sanitation Hygiene,5232878.924,336375,548376
18,2016,Colombia,Early Recovery,90000.0,652,553
19,2016,Colombia,Education,216998.425,1203,1997
20,2016,Colombia,Emergency Shelter and NFI,295424.795,750,592
21,2016,Colombia,Food Security,240784.5107,2636,3545
22,2016,Colombia,Health,249757.12,1716,2670
23,2016,Colombia,Protection,393757.8286,2520,2897
24,2016,Colombia,Water Sanitation Hygiene,636582.9107,4086,5362
25,2016,DRC,Coordination and Support Services,4215677.0675,21089,23627
26,2016,DRC,Education,4216793.014,83106,81657
27,2016,DRC,Emergency Shelter and NFI,5231717.2455,172595,194021
28,2016,DRC,Food Security,8722944.9883,248543,263012
29,2016,DRC,Health,11043460.9477,441260,418001
30,2016,DRC,Logistics,6608505.424459999,148627,167820
31,2016,DRC,Multi-Sector,715000.0,22416,24337
32,2016,DRC,Nutrition,2986681.9239,58768,62213
33,2016,DRC,Protection,4917212.885399999,818668,356428
34,2016,DRC,Water Sanitation Hygiene,9211546.09324,479295,522723
35,2016,Ethiopia,Coordination and Support Services,1045694.95,4688248,8245883
36,2016,Ethiopia,Emergency Shelter and NFI,5674323.886639999,146384,167319
37,2016,Ethiopia,Food Security,12306516.3519,1671853,2056728
38,2016,Ethiopia,Health,8979543.5435,5832821,6026265
39,2016,Ethiopia,Logistics,899029.4099999999,1797715,1723763
40,2016,Ethiopia,Nutrition,22147190.88998,11014634,1023833
41,2016,Ethiopia,Protection,499999.2,125034,80823
42,2016,Ethiopia,Water Sanitation Hygiene,8970961.17798,2369866,1906794
43,2016,Iraq,Camp Coordination / Management,2582359.45,115220,158642
44,2016,Iraq,Coordination and Support Services,1734770.67,35940,55359
45,2016,Iraq,Early Recovery,1488414.67,13529,10291
46,2016,Iraq,Education,3940637.198,69607,119769
47,2016,Iraq,Emergency Shelter and NFI,17481934.023,479545,587134
48,2016,Iraq,Food Security,6520037.6175,386243,474940
49,2016,Iraq,Health,20360712.1325,2403487,2554535
50,2016,Iraq,Multi-Sector,6003107.27,367650,357538
51,2016,Iraq,Protection,7744588.692,833830,1537922
52,2016,Iraq,Water Sanitation Hygiene,20430164.807,1249188,1508104
53,2016,Jordan,Emergency Shelter and NFI,6489270.1405,91990,98762
54,2016,Jordan,Food Security,386417.5,247500,226650
55,2016,Jordan,Health,3252665.5524,122436,142960
56,2016,Jordan,Nutrition,292442.13,13820,10041
57,2016,Jordan,Protection,1056865.1771,25285,33083
58,2016,Jordan,Water Sanitation Hygiene,380109.56,10419,10557
59,2016,Lebanon,Early Recovery,2459665.331,12401,14618
60,2016,Lebanon,Emergency Shelter and NFI,8393720.085,40287,36832
61,2016,Lebanon,Food Security,623679.77,7429,8242
62,2016,Lebanon,Health,2956422.061,139735,180279
63,2016,Lebanon,Protection,5396495.98,108503,121174
64,2016,Lebanon,Water Sanitation Hygiene,7614986.033,300072,325213
65,2016,Myanmar,Education,868818.61062,21962,24363
66,2016,Myanmar,Emergency Shelter and NFI,1730148.8525,35798,36283
67,2016,Myanmar,Food Security,875947.715,27031,22046
68,2016,Myanmar,Health,833346.1200000001,50881,34553
69,2016,Myanmar,Nutrition,19607.6023,2765,1690
70,2016,Myanmar,Protection,808312.9993799999,35578,44562
71,2016,Myanmar,Water Sanitation Hygiene,419047.7202,11071,13397
72,2016,oPt,Emergency Shelter and NFI,3061144.0300000003,15507,17272
73,2016,oPt,Food Security,1674103.1,45255,56022
74,2016,oPt,Health,250000.05,10000,10150
75,2016,oPt,Protection,948383.94,194168,196901
76,2016,oPt,Water Sanitation Hygiene,2225276.38,271739,272254
77,2016,Pakistan,Coordination and Support Services,324284.52,741183,743179
78,2016,Pakistan,Education,849950.18,15292,19813
79,2016,Pakistan,Emergency Shelter and NFI,1499727.93,9660,9177
80,2016,Pakistan,Health,1000052.67,93215,104244
81,2016,Pakistan,Nutrition,649269.22,68375,65807
82,2016,Pakistan,Protection,963321.83,50818,52774
83,2016,Pakistan,Water Sanitation Hygiene,999152.95,83708,75380
84,2016,Somalia,Education,2478765.1550000003,54868,58069
85,2016,Somalia,Emergency Shelter and NFI,2787216.0300000003,100632,102653
86,2016,Somalia,Food Security,7871893.15,137872,373964
87,2016,Somalia,Health,2704282.17,392774,446036
88,2016,Somalia,Logistics,1000000.0,4000,0
89,2016,Somalia,Multi-Sector,3552668.27,4779544,4690928
90,2016,Somalia,Nutrition,3431644.18,331656,340740
91,2016,Somalia,Protection,2332346.33,70113,97293
92,2016,Somalia,Water Sanitation Hygiene,4825113.755,325672,354618
93,2016,South Sudan,Camp Coordination / Management,2195045.65,325889,321280
94,2016,South Sudan,Coordination and Support Services,1122505.07,60,67
95,2016,South Sudan,Education,4334759.72,183616,201825
96,2016,South Sudan,Emergency Shelter and NFI,10086432.58,1037128,1311822
97,2016,South Sudan,Emergency Telecommunications,663373.28,240,420
98,2016,South Sudan,Food Security,8800392.41,1137141,1335929
99,2016,South Sudan,Health,11888486.36,3361255,3799641
100,2016,South Sudan,Logistics,9050060.33,20320,25158
101,2016,South Sudan,Nutrition,14072923.27,931347,946144
102,2016,South Sudan,Protection,6766997.47,427680,542078
103,2016,South Sudan,Water Sanitation Hygiene,13407835.04,1515492,1890714
104,2016,Sudan,Camp Coordination / Management,8468507.5084,372526,495666
105,2016,Sudan,Coordination and Support Services,1100007.72,654100,608574
106,2016,Sudan,Education,2112201.4448,134958,103903
107,2016,Sudan,Emergency Shelter and NFI,2715742.3736000005,942793,560277
108,2016,Sudan,Food Security,3110841.932,889850,879280
109,2016,Sudan,Health,5353540.605264,14953516,13969331
110,2016,Sudan,Nutrition,6125830.231868,758972,869076
111,2016,Sudan,Protection,3639587.2758,382208,399588
112,2016,Sudan,Water Sanitation Hygiene,6153323.028268,4655888,3750393
113,2016,Syria,Education,3529951.79,78633,98866
114,2016,Syria,Emergency Shelter and NFI,8536804.7934,239014,292492
115,2016,Syria,Food Security,13506517.2196,1210129,1508744
116,2016,Syria,Health,9681550.7952,858195,936210
117,2016,Syria,Logistics,2000000.1,1,1
118,2016,Syria,Nutrition,2249638.2,421780,526480
119,2016,Syria,Protection,2266762.0158,160367,160313
120,2016,Syria,Water Sanitation Hygiene,7219365.916,1309374,2007123
121,2016,Syria Cross border,Camp Coordination / Management,18021742.4912,523614,562461
122,2016,Syria Cross border,Education,6002385.4294,99421,122429
123,2016,Syria Cross border,Emergency Shelter and NFI,12453800.6976,333955,375818
124,2016,Syria Cross border,Food Security,15596295.5912,575714,728789
125,2016,Syria Cross border,Health,18503209.381,4069916,4151020
126,2016,Syria Cross border,Nutrition,735511.309,110948,117624
127,2016,Syria Cross border,Protection,7813139.763,478069,680887
128,2016,Syria Cross border,Water Sanitation Hygiene,14187811.7076,1429561,1620140
129,2016,Yemen,Emergency Shelter and NFI,14142502.881,260649,356835
130,2016,Yemen,Food Security,20233471.6173,565113,693790
131,2016,Yemen,Health,16954809.99905,1604289,1908747
132,2016,Yemen,Logistics,999498.77,250,172
133,2016,Yemen,Nutrition,18084554.73575,1173963,1260282
134,2016,Yemen,Protection,3876946.7777,3283973,3592205
135,2016,Yemen,Water Sanitation Hygiene,19782109.2692,996198,1622899
0,2017,Afghanistan,Coordination and Support Services,1332389.0267,79099,107512
1,2017,Afghanistan,Emergency Shelter and NFI,2507978.1141,53318,57148
2,2017,Afghanistan,Food Security,4123497.84,348418,534190
3,2017,Afghanistan,Health,12144168.2579,2114544,2304107
4,2017,Afghanistan,Nutrition,10664484.808,394557,513885
5,2017,Afghanistan,Protection,8929325.6076,1628240,1814229
6,2017,Afghanistan,Water Sanitation Hygiene,5184775.065699999,572665,763502
7,2017,CAR,Camp Coordination / Management,250980.99,30775,45779
8,2017,CAR,Early Recovery,827000.655,15365,17092
9,2017,CAR,Education,2159225.0604,52391,70542
10,2017,CAR,Emergency Shelter and NFI,3220914.7584000006,62908,119614
11,2017,CAR,Food Security,1715170.1261999998,29869,29538
12,2017,CAR,Health,1773131.691,114488,106984
13,2017,CAR,Logistics,2892278.72,3086,2588
14,2017,CAR,Nutrition,1737237.5575,95894,91080
15,2017,CAR,Protection,2791390.7410000004,132624,149585
16,2017,CAR,Water Sanitation Hygiene,4776658.5105,522027,581313
17,2017,Colombia,Early Recovery,104999.35,1320,1342
18,2017,Colombia,Education,45000.0,960,1602
19,2017,Colombia,Emergency Shelter and NFI,45000.0,960,1602
20,2017,Colombia,Food Security,165000.0,1922,2542
21,2017,Colombia,Health,194797.125,2314,2336
22,2017,Colombia,Protection,328835.16,3540,4562
23,2017,Colombia,Water Sanitation Hygiene,283986.535,4060,4392
24,2017,DRC,Education,1501756.9275,43826,42096
25,2017,DRC,Emergency Shelter and NFI,5306029.8,193930,196634
26,2017,DRC,Food Security,10163866.294,263508,266314
27,2017,DRC,Health,1328805.336,67406,78276
28,2017,DRC,Logistics,5382602.482,51116,16833
29,2017,DRC,Nutrition,4761233.954,89034,81188
30,2017,DRC,Protection,3592165.4815,207246,231188
31,2017,DRC,Water Sanitation Hygiene,3791967.355,316530,422913
32,2017,Ethiopia,Coordination and Support Services,1148779.56,1160,1160
33,2017,Ethiopia,Education,988672.31,7663,8954
34,2017,Ethiopia,Emergency Shelter and NFI,6777341.738600001,966495,2407625
35,2017,Ethiopia,Food Security,11854875.42,847042,898740
36,2017,Ethiopia,Health,18221396.772,11625960,9512409
37,2017,Ethiopia,Nutrition,25654795.072,1305454,1424911
38,2017,Ethiopia,Protection,3012586.33,174694,200532
39,2017,Ethiopia,Water Sanitation Hygiene,24677151.9174,7290245,8810115
40,2017,Iraq,Camp Coordination / Management,4179694.6,284623,335287
41,2017,Iraq,Coordination and Support Services,1198484.7,549670,574636
42,2017,Iraq,Early Recovery,1556394.12,9506,11584
43,2017,Iraq,Education,5172334.4583,136168,143252
44,2017,Iraq,Emergency Shelter and NFI,12855284.826999998,224678,252518
45,2017,Iraq,Emergency Telecommunications,1472499.29,60,60
46,2017,Iraq,Food Security,4090590.46,356218,367090
47,2017,Iraq,Health,12084362.54,1202686,1593907
48,2017,Iraq,Logistics,1463784.01,39,30
49,2017,Iraq,Multi-Sector,6000000.27,140592,142835
50,2017,Iraq,Protection,10382205.1397,551078,661082
51,2017,Iraq,Water Sanitation Hygiene,16077217.565,941136,1302376
52,2017,Jordan,Education,204522.45,249,33
53,2017,Jordan,Emergency Shelter and NFI,3334230.28,43073,72599
54,2017,Jordan,Food Security,655758.35,31300,31300
55,2017,Jordan,Health,2280640.15,10682,11520
56,2017,Jordan,Protection,1180738.33,8434,14801
57,2017,Jordan,Water Sanitation Hygiene,799325.75,4578,6231
58,2017,Lebanon,Early Recovery,236666.88,120,120
59,2017,Lebanon,Education,341465.94,941,718
60,2017,Lebanon,Emergency Shelter and NFI,1216010.4035,13742,14318
61,2017,Lebanon,Health,1124456.42,6058,15345
62,2017,Lebanon,Protection,2618468.8085000003,73019,76810
63,2017,Lebanon,Water Sanitation Hygiene,210835.708,4590,4855
64,2017,Myanmar,Education,1332333.2261,35133,35409
65,2017,Myanmar,Emergency Shelter and NFI,1513993.2332,28189,31550
66,2017,Myanmar,Food Security,1241932.1772,39469,43573
67,2017,Myanmar,Health,944268.066,143895,157648
68,2017,Myanmar,Nutrition,943374.9481,14682,23154
69,2017,Myanmar,Protection,2057700.0031,109177,127660
70,2017,Myanmar,Water Sanitation Hygiene,1761683.7563,71712,79751
71,2017,Nigeria,Early Recovery,1300000.59,13000,23245
72,2017,Nigeria,Education,1134130.0,49940,51535
73,2017,Nigeria,Emergency Shelter and NFI,5757986.16,289317,295987
74,2017,Nigeria,Emergency Telecommunications,476127.58,20,62
75,2017,Nigeria,Health,4188917.44,1589207,1713622
76,2017,Nigeria,Logistics,2385218.38,387,259
77,2017,Nigeria,Nutrition,1007098.46,168774,287756
78,2017,Nigeria,Protection,4027428.3,297059,696043
79,2017,Nigeria,Water Sanitation Hygiene,3682242.3,352570,731330
80,2017,oPt,Education,450048.09,1996,2006
81,2017,oPt,Emergency Shelter and NFI,1037520.14,1719,1895
82,2017,oPt,Food Security,3935458.81,20229,24901
83,2017,oPt,Health,3842554.672,4188775,4509987
84,2017,oPt,Protection,794802.27,21608,22621
85,2017,oPt,Water Sanitation Hygiene,1678059.6379999998,3264904,3264515
86,2017,Pakistan,Education,999443.99,5385,5852
87,2017,Pakistan,Emergency Shelter and NFI,300002.31,2680,2023
88,2017,Pakistan,Health,1499986.83,97510,116648
89,2017,Pakistan,Nutrition,1000073.54,38697,51117
90,2017,Pakistan,Water Sanitation Hygiene,1999998.0,177921,307244
91,2017,Somalia,Camp Coordination / Management,1155466.3988,26579,42045
92,2017,Somalia,Education,5224423.952251,98974,123097
93,2017,Somalia,Emergency Shelter and NFI,4277570.0655000005,151838,174222
94,2017,Somalia,Food Security,10321866.657802,318675,489222
95,2017,Somalia,Health,8673936.515324,1488043,1499349
96,2017,Somalia,Logistics,250000.26,4000,4050
97,2017,Somalia,Multi-Sector,3278032.68,10666014,10654393
98,2017,Somalia,Nutrition,7114320.016731,334601,433506
99,2017,Somalia,Protection,6739418.8232,117568,170779
100,2017,Somalia,Water Sanitation Hygiene,10713343.130392,624253,780628
101,2017,South Sudan,Camp Coordination / Management,1049959.97,120380,106732
102,2017,South Sudan,Coordination and Support Services,1636079.98,161,201
103,2017,South Sudan,Education,4708923.2,128140,143997
104,2017,South Sudan,Emergency Shelter and NFI,6690077.74,651275,691940
105,2017,South Sudan,Food Security,6329278.95,859630,616490
106,2017,South Sudan,Health,10193554.239999998,1368956,2218810
107,2017,South Sudan,Logistics,5850001.14,950,760
108,2017,South Sudan,Nutrition,9840416.77,599434,705688
109,2017,South Sudan,Protection,6999082.149999999,257881,349018
110,2017,South Sudan,Water Sanitation Hygiene,9900964.17,1110628,1254014
111,2017,Sudan,Coordination and Support Services,1244802.08,3645002,3411235
112,2017,Sudan,Early Recovery,1511905.73,92434,71150
113,2017,Sudan,Education,2050513.4835,81160,86190
114,2017,Sudan,Emergency Shelter and NFI,1395223.4019999998,96882,91536
115,2017,Sudan,Food Security,5245132.9805000005,628659,693072
116,2017,Sudan,Health,5311841.7656,1482227,1369769
117,2017,Sudan,Multi-Sector,2743594.5,162306,212238
118,2017,Sudan,Nutrition,2923128.3872,225462,406939
119,2017,Sudan,Protection,2260277.2496,158690,180995
120,2017,Sudan,Water Sanitation Hygiene,7511376.5516,987623,1017784
121,2017,Syria,Coordination and Support Services,250273.0,1,1
122,2017,Syria,Early Recovery,3362216.24,10560,10585
123,2017,Syria,Education,1690517.944,21074,29943
124,2017,Syria,Emergency Shelter and NFI,10977312.3717,262171,331944
125,2017,Syria,Food Security,1659445.9700000002,88504,126423
126,2017,Syria,Health,4390069.483,336976,425754
127,2017,Syria,Logistics,4782000.1,3,3
128,2017,Syria,Nutrition,2102391.825,222580,225956
129,2017,Syria,Protection,942208.406,37907,46506
130,2017,Syria,Water Sanitation Hygiene,4461705.3403,543352,576734
131,2017,Syria Cross border,Camp Coordination / Management,6270457.6715,263644,251780
132,2017,Syria Cross border,Coordination and Support Services,2664228.45,1704,598
133,2017,Syria Cross border,Early Recovery,1505396.6152,8475,8744
134,2017,Syria Cross border,Education,3136926.7,105347,124415
135,2017,Syria Cross border,Emergency Shelter and NFI,9121356.2833,316643,343257
136,2017,Syria Cross border,Food Security,4731616.62,124357,159182
137,2017,Syria Cross border,Health,8026475.619500001,932818,944669
138,2017,Syria Cross border,Nutrition,980918.0205,151044,154067
139,2017,Syria Cross border,Protection,5621451.129999999,1199422,1482925
140,2017,Syria Cross border,Water Sanitation Hygiene,3761540.96,1124529,1257620
141,2017,Yemen,Emergency Shelter and NFI,10140425.4219,180241,198737
142,2017,Yemen,Food Security,38794669.9482,928586,1027142
143,2017,Yemen,Health,19853996.4389,1519900,2144653
144,2017,Yemen,Logistics,1777884.18,1833,2624
145,2017,Yemen,Nutrition,12506431.9678,562594,994952
146,2017,Yemen,Protection,8100019.7791,359620,347670
147,2017,Yemen,Water Sanitation Hygiene,34799224.2741,2742639,3042888
0,2018,Afghanistan,Coordination and Support Services,1236704.41,20590,28770
1,2018,Afghanistan,Education,1779120.808,30148,29414
2,2018,Afghanistan,Emergency Shelter and NFI,19510314.5627,585190,451905
3,2018,Afghanistan,Food Security,7439074.7432,366241,391535
4,2018,Afghanistan,Health,7489865.209000001,1198145,1479740
5,2018,Afghanistan,Nutrition,12496483.5242,570410,868242
6,2018,Afghanistan,Protection,3468618.0673,190539,253429
7,2018,Afghanistan,Water Sanitation Hygiene,9164588.6156,703352,688894
8,2018,CAR,Camp Coordination / Management,570259.9153999999,73695,75741
9,2018,CAR,Early Recovery,1489030.1,84330,73341
10,2018,CAR,Education,1826805.1372,70559,106991
11,2018,CAR,Emergency Shelter and NFI,2403582.5183,156065,150683
12,2018,CAR,Emergency Telecommunications,400000.01,6,4
13,2018,CAR,Food Security,3552961.5481,117556,121580
14,2018,CAR,Health,3321145.486,898574,854788
15,2018,CAR,Logistics,3141169.75,308,458
16,2018,CAR,Nutrition,3997222.894,192782,156235
17,2018,CAR,Protection,3540286.161,431345,407803
18,2018,CAR,Water Sanitation Hygiene,4150356.46,340234,347790
19,2018,DRC,Education,5684079.603999999,147866,174204
20,2018,DRC,Emergency Shelter and NFI,6963977.919,211604,227507
21,2018,DRC,Food Security,15078065.8929,356747,396752
22,2018,DRC,Health,9284785.99992,638148,994495
23,2018,DRC,Logistics,4428559.068035999,121274,128680
24,2018,DRC,Multi-Sector,5320181.79,82280,162227
25,2018,DRC,Nutrition,6360554.947480001,164182,159853
26,2018,DRC,Protection,7415900.217099999,526575,565237
27,2018,DRC,Water Sanitation Hygiene,7984918.281564001,609040,1469092
28,2018,Ethiopia,Education,1987364.28,51751,47289
29,2018,Ethiopia,Emergency Shelter and NFI,12173320.8886,906138,1293515
30,2018,Ethiopia,Food Security,5700887.0,1210388,1614875
31,2018,Ethiopia,Health,15272084.811500002,3888221,4157789
32,2018,Ethiopia,Nutrition,26253103.448100004,1406969,1502840
33,2018,Ethiopia,Protection,6263955.851199999,1392712,797824
34,2018,Ethiopia,Water Sanitation Hygiene,17016819.560599998,1948985,2208909
35,2018,Iraq,Camp Coordination / Management,1120898.3221,186537,322032
36,2018,Iraq,Coordination and Support Services,2381378.9825,596360,618897
37,2018,Iraq,Early Recovery,497998.97,1177,1455
38,2018,Iraq,Education,2156952.15,42272,52096
39,2018,Iraq,Emergency Shelter and NFI,4857839.9054000005,166162,241940
40,2018,Iraq,Food Security,1635200.64,34830,48020
41,2018,Iraq,Health,7775514.350000001,10960890,8810424
42,2018,Iraq,Logistics,858970.8,5,5
43,2018,Iraq,Multi-Sector,4445851.29,115378,116612
44,2018,Iraq,Protection,5521140.029999999,237988,215745
45,2018,Iraq,Water Sanitation Hygiene,5339192.22,361280,452671
46,2018,Jordan,Education,600003.04,3060,4179
47,2018,Jordan,Emergency Shelter and NFI,3951147.68,76647,106491
48,2018,Jordan,Food Security,55241.76,19537,36093
49,2018,Jordan,Health,3102504.75,4933,8183
50,2018,Jordan,Protection,1808378.74,14811,16947
51,2018,Jordan,Water Sanitation Hygiene,855241.76,36149,87479
52,2018,Lebanon,Coordination and Support Services,53125.5,100,100
53,2018,Lebanon,Emergency Shelter and NFI,6268811.140000001,63541,71111
54,2018,Lebanon,Health,3230512.8368,10525,13688
55,2018,Lebanon,Protection,5143473.1832,41476,55516
56,2018,Myanmar,Camp Coordination / Management,47999.9964,2739,5320
57,2018,Myanmar,Education,1385119.1937,63162,65494
58,2018,Myanmar,Emergency Shelter and NFI,2606531.9649,53226,70893
59,2018,Myanmar,Food Security,2568131.3487,152080,209725
60,2018,Myanmar,Health,1946773.2276,240440,258888
61,2018,Myanmar,Nutrition,670949.5861,29715,28000
62,2018,Myanmar,Protection,1805621.4606,140019,150270
63,2018,Myanmar,Water Sanitation Hygiene,1784725.742,88543,95684
64,2018,Nigeria,Education,2017428.86,66956,72326
65,2018,Nigeria,Emergency Shelter and NFI,9220186.9454,410001,629202
66,2018,Nigeria,Food Security,1099631.8496,9760,8815
67,2018,Nigeria,Health,6864725.12,6910594,6961494
68,2018,Nigeria,Logistics,4199628.01,28500,45165
69,2018,Nigeria,Nutrition,2289838.67,271244,404128
70,2018,Nigeria,Protection,4684302.65588,320805,351271
71,2018,Nigeria,Water Sanitation Hygiene,5691181.40912,1119976,1444186
72,2018,oPt,Education,585193.99,15233,16418
73,2018,oPt,Emergency Shelter and NFI,1998553.37,4755,5011
74,2018,oPt,Food Security,2992974.4672,66417,83564
75,2018,oPt,Health,8248389.2928,1450215,1555605
76,2018,oPt,Protection,2900815.16,64488,83044
77,2018,oPt,Water Sanitation Hygiene,4447007.17,1627627,1704644
78,2018,Pakistan,Emergency Shelter and NFI,649943.34,4620,4626
79,2018,Pakistan,Health,1624996.57,134587,222214
80,2018,Pakistan,Water Sanitation Hygiene,3083232.55,160167,207916
81,2018,Somalia,Camp Coordination / Management,2589612.7863,183426,197283
82,2018,Somalia,Education,4973626.668579999,108280,120380
83,2018,Somalia,Emergency Shelter and NFI,6611509.720499999,223954,289164
84,2018,Somalia,Food Security,8412748.01692,117838,129107
85,2018,Somalia,Health,6359548.270321,698966,701948
86,2018,Somalia,Logistics,1100000.03,5700,2103
87,2018,Somalia,Multi-Sector,499999.53,10086,10093
88,2018,Somalia,Nutrition,5953318.030658,457754,442415
89,2018,Somalia,Protection,4979091.669799999,139402,168554
90,2018,Somalia,Water Sanitation Hygiene,11487834.646921,620390,712532
91,2018,South Sudan,Camp Coordination / Management,1899673.61,224456,267887
92,2018,South Sudan,Education,5114741.43,98230,146022
93,2018,South Sudan,Emergency Shelter and NFI,3792291.5,293916,507357
94,2018,South Sudan,Food Security,5199238.97,787470,785415
95,2018,South Sudan,Health,10517300.91,2411077,2826456
96,2018,South Sudan,Logistics,3560000.03,455,472
97,2018,South Sudan,Nutrition,8268416.359999999,643520,1018775
98,2018,South Sudan,Protection,8633302.56,358077,460677
99,2018,South Sudan,Water Sanitation Hygiene,6381002.88,525384,687350
100,2018,Sudan,Coordination and Support Services,500000.3,245000,164230
101,2018,Sudan,Early Recovery,1251999.11,67342,52917
102,2018,Sudan,Education,1322596.106,18246,434724
103,2018,Sudan,Emergency Shelter and NFI,547279.4284999999,30999,40007
104,2018,Sudan,Food Security,9081393.56194,554073,549954
105,2018,Sudan,Health,7992859.3298,2418378,2961382
106,2018,Sudan,Logistics,1000000.0,5400,5636
107,2018,Sudan,Multi-Sector,6031409.15,292493,503721
108,2018,Sudan,Nutrition,5542302.5154,501308,586960
109,2018,Sudan,Protection,1288958.9759999998,82489,344420
110,2018,Sudan,Water Sanitation Hygiene,7931048.072360001,1000401,1261137
111,2018,Syria,Education,1732997.76,30463,26686
112,2018,Syria,Emergency Shelter and NFI,11813362.4688,453464,494148
113,2018,Syria,Food Security,3614808.8311,132194,77337
114,2018,Syria,Health,5274845.6151,946024,1056241
115,2018,Syria,Nutrition,999953.95,67000,67148
116,2018,Syria,Protection,4351495.425,152488,153200
117,2018,Syria,Water Sanitation Hygiene,9187483.59,1177055,1298241
118,2018,Syria Cross border,Camp Coordination / Management,8336158.384299999,314673,302014
119,2018,Syria Cross border,Coordination and Support Services,1365949.6324,1524,2150
120,2018,Syria Cross border,Education,8983563.3133,205796,253004
121,2018,Syria Cross border,Emergency Shelter and NFI,17649288.4685,369052,419060
122,2018,Syria Cross border,Food Security,12369262.169999996,1041701,876465
123,2018,Syria Cross border,Health,12693581.623732002,2448238,2449651
124,2018,Syria Cross border,Nutrition,2396360.9482,639111,615082
125,2018,Syria Cross border,Protection,5569508.228768,452737,554389
126,2018,Syria Cross border,Water Sanitation Hygiene,12344575.110800002,1029646,1194457
127,2018,Yemen,Education,4672337.35,96109,106667
128,2018,Yemen,Emergency Shelter and NFI,20039216.32,381706,409937
129,2018,Yemen,Emergency Telecommunications,667722.78,32,39
130,2018,Yemen,Food Security,48950938.2795,1923156,2598314
131,2018,Yemen,Health,30191678.627299994,1886655,2211696
132,2018,Yemen,Logistics,3967127.13,25,21
133,2018,Yemen,Multi-Sector,6403501.51,35000,19456
134,2018,Yemen,Nutrition,31290469.675,1030873,1893461
135,2018,Yemen,Protection,21417638.110000003,1209629,1983584
136,2018,Yemen,Water Sanitation Hygiene,20560717.5382,2274648,2406269
0,2019,Afghanistan,Coordination and Support Services,2000000.0,3200,1920
1,2019,Afghanistan,Education,3821982.50018,43731,61916
2,2019,Afghanistan,Emergency Shelter and NFI,21943278.17,521670,457183
3,2019,Afghanistan,Food Security,17002421.3875,1375017,1603740
4,2019,Afghanistan,Health,2199711.27,63700,81112
5,2019,Afghanistan,Nutrition,8998515.63,166198,169226
6,2019,Afghanistan,Protection,4415944.51532,392696,367600
7,2019,Afghanistan,Water Sanitation Hygiene,3399250.9569999995,360824,324365
8,2019,CAR,Camp Coordination / Management,561987.873,91790,108168
9,2019,CAR,Coordination and Support Services,1249172.6,677,1206
10,2019,CAR,Early Recovery,1000099.06,15824,20228
11,2019,CAR,Education,2404000.065,121298,133314
12,2019,CAR,Emergency Shelter and NFI,2530772.084,180562,228158
13,2019,CAR,Emergency Telecommunications,605905.98,1855,1855
14,2019,CAR,Food Security,5039939.8100000005,186765,191741
15,2019,CAR,Health,4955850.6555,862896,848091
16,2019,CAR,Logistics,5300373.07,1572,12505
17,2019,CAR,Nutrition,5235047.92,431901,421586
18,2019,CAR,Protection,4172563.823,363820,412473
19,2019,CAR,Water Sanitation Hygiene,5942709.0695,679443,729144
20,2019,DRC,Coordination and Support Services,197999.21,100,100
21,2019,DRC,Education,5514622.010548,77277,88381
22,2019,DRC,Emergency Shelter and NFI,6936011.2269,120101,132938
23,2019,DRC,Food Security,9131193.7129,184745,211311
24,2019,DRC,Health,16936895.80032,2350528,2572362
25,2019,DRC,Logistics,6326068.4234,4346,4508
26,2019,DRC,Nutrition,6458664.27028,200012,258398
27,2019,DRC,Protection,11562591.423052,855596,1122800
28,2019,DRC,Water Sanitation Hygiene,15382909.7426,1520061,1296873
29,2019,Ethiopia,Coordination and Support Services,296122.54,10000,0
30,2019,Ethiopia,Education,3790002.26,114093,107811
31,2019,Ethiopia,Emergency Shelter and NFI,12025829.010091,760383,1087431
32,2019,Ethiopia,Food Security,3968615.6589,588094,679368
33,2019,Ethiopia,Health,10528031.517039,4202371,4671573
34,2019,Ethiopia,Nutrition,12030459.711278,1160385,1515326
35,2019,Ethiopia,Protection,5237158.729013,1070890,890532
36,2019,Ethiopia,Water Sanitation Hygiene,13156270.993679002,2030385,2386379
37,2019,Iraq,Camp Coordination / Management,3670909.4147,386060,403254
38,2019,Iraq,Coordination and Support Services,2458474.42,101183,254784
39,2019,Iraq,Early Recovery,3335243.65,3258,3280
40,2019,Iraq,Education,5141985.339,94634,116531
41,2019,Iraq,Emergency Shelter and NFI,17783917.5075,304734,467355
42,2019,Iraq,Emergency Telecommunications,137000.01,1,1
43,2019,Iraq,Food Security,4987048.2516,43816,41763
44,2019,Iraq,Health,11593934.28,1716522,2082562
45,2019,Iraq,Multi-Sector,7309481.56,44935,45773
46,2019,Iraq,Protection,15683702.0794,443845,400481
47,2019,Iraq,Water Sanitation Hygiene,10248786.5378,448392,551849
48,2019,Jordan,Emergency Shelter and NFI,3586907.26,31922,33935
49,2019,Jordan,Health,2258076.398,5970,7140
50,2019,Jordan,Protection,1952501.862,20740,25667
51,2019,Jordan,Water Sanitation Hygiene,956305.34,5714,7569
52,2019,Lebanon,Education,1045022.51,2300,1936
53,2019,Lebanon,Emergency Shelter and NFI,4103729.27,38478,38798
54,2019,Lebanon,Health,3623587.54,500325,330096
55,2019,Lebanon,Protection,2191859.5,21973,22547
56,2019,Myanmar,Camp Coordination / Management,279647.6839,11021,11823
57,2019,Myanmar,Education,1911902.685942,51501,68900
58,2019,Myanmar,Emergency Shelter and NFI,2683309.571374,37072,42063
59,2019,Myanmar,Food Security,1949597.442455,53061,68212
60,2019,Myanmar,Health,2926299.3720000004,253956,242232
61,2019,Myanmar,Nutrition,1031371.382636,72310,61392
62,2019,Myanmar,Protection,2688082.533236,135387,167005
63,2019,Myanmar,Water Sanitation Hygiene,2025664.698457,58209,71626
64,2019,Nigeria,Coordination and Support Services,699999.958,4772,5736
65,2019,Nigeria,Emergency Shelter and NFI,11003748.1312,925125,921843
66,2019,Nigeria,Health,4494348.4904,480181,461814
67,2019,Nigeria,Nutrition,2200187.8800000004,69279,79872
68,2019,Nigeria,Protection,3200578.5308,184635,378447
69,2019,Nigeria,Water Sanitation Hygiene,6093981.539600001,1338770,1420304
70,2019,oPt,Education,818519.432304,9419,12524
71,2019,oPt,Emergency Shelter and NFI,4243292.29,30706,37090
72,2019,oPt,Food Security,5703405.769476,154045,163977
73,2019,oPt,Health,8043411.251999999,594035,909153
74,2019,oPt,Protection,5246123.51622,112712,127646
75,2019,oPt,Water Sanitation Hygiene,3700773.73,187904,222549
76,2019,Pakistan,Food Security,1928778.8995,184265,229894
77,2019,Pakistan,Health,1252038.844,410154,445210
78,2019,Pakistan,Nutrition,2512674.942,190975,202482
79,2019,Pakistan,Water Sanitation Hygiene,3196925.4645,552951,588253
80,2019,Somalia,Camp Coordination / Management,1990846.402,178794,177660
81,2019,Somalia,Education,5288998.57,59968,69660
82,2019,Somalia,Emergency Shelter and NFI,5686521.8780000005,157777,175340
83,2019,Somalia,Food Security,7898659.48,134152,160952
84,2019,Somalia,Health,5852292.7902,334378,409336
85,2019,Somalia,Multi-Sector,1920001.28,107380,110110
86,2019,Somalia,Nutrition,5826228.4323,234911,285178
87,2019,Somalia,Protection,6237996.35,171501,202057
88,2019,Somalia,Water Sanitation Hygiene,12710512.4875,628275,696016
89,2019,South Sudan,Camp Coordination / Management,2181061.189,256195,335319
90,2019,South Sudan,Coordination and Support Services,579999.99,30450,26974
91,2019,South Sudan,Education,5372794.83751,204692,250556
92,2019,South Sudan,Emergency Shelter and NFI,6726168.528066,717525,797431
93,2019,South Sudan,Food Security,7477725.906959999,1588404,1593344
94,2019,South Sudan,Health,14330880.547039,2214035,2228018
95,2019,South Sudan,Logistics,4075127.0,517,678
96,2019,South Sudan,Nutrition,12262491.621812,940285,1129486
97,2019,South Sudan,Protection,13988408.689028,904063,1012284
98,2019,South Sudan,Water Sanitation Hygiene,12973052.380585,870665,1013575
99,2019,Sudan,Education,4993615.53868,241158,241151
100,2019,Sudan,Emergency Shelter and NFI,1700016.1,116500,80820
101,2019,Sudan,Food Security,10434157.31313,653295,764601
102,2019,Sudan,Health,13787682.866880002,4044899,4100297
103,2019,Sudan,Logistics,1000000.0,24000,16646
104,2019,Sudan,Nutrition,6564373.826239999,568162,749353
105,2019,Sudan,Protection,5720472.9090100005,307483,444886
106,2019,Sudan,Water Sanitation Hygiene,14387290.29606,2722834,2652641
107,2019,Syria,Education,7540244.5,97208,982209
108,2019,Syria,Emergency Shelter and NFI,7788429.220000001,263771,266426
109,2019,Syria,Food Security,6348760.59,468070,462177
110,2019,Syria,Health,8836273.6439,958227,854623
111,2019,Syria,Nutrition,1199871.7601,151158,134908
112,2019,Syria,Protection,7508902.412,221038,273993
113,2019,Syria,Water Sanitation Hygiene,13430729.914,3365193,3450162
114,2019,Syria Cross border,Camp Coordination / Management,16880622.67158,403633,486465
115,2019,Syria Cross border,Coordination and Support Services,2043085.78,10490,9890
116,2019,Syria Cross border,Early Recovery,3551060.277012,260698,280141
117,2019,Syria Cross border,Education,12083859.7637,350067,461898
118,2019,Syria Cross border,Emergency Shelter and NFI,18495495.934537,574426,549075
119,2019,Syria Cross border,Food Security,14817400.684988,444408,694245
120,2019,Syria Cross border,Health,13329997.9318,2777747,5096923
121,2019,Syria Cross border,Nutrition,2356292.67,243893,285532
122,2019,Syria Cross border,Protection,8775304.682983,486913,584641
123,2019,Syria Cross border,Water Sanitation Hygiene,24889213.7534,5422854,5741028
124,2019,Ukraine,Emergency Shelter and NFI,459852.4002,1703,1968
125,2019,Ukraine,Food Security,555626.5739,2315,2504
126,2019,Ukraine,Health,650147.6041,3447,5031
127,2019,Ukraine,Protection,554056.9145,2743,3057
128,2019,Ukraine,Water Sanitation Hygiene,767998.6973,14169,17191
129,2019,Yemen,Camp Coordination / Management,5348545.28776,147066,147683
130,2019,Yemen,Coordination and Support Services,19650308.98,542385,840215
131,2019,Yemen,Education,13532014.133676,337869,281515
132,2019,Yemen,Emergency Shelter and NFI,26457146.41394,622354,741236
133,2019,Yemen,Food Security,35199553.092664,936648,465868
134,2019,Yemen,Health,60411988.11929999,3513974,4506152
135,2019,Yemen,Multi-Sector,6977155.98,756000,748000
136,2019,Yemen,Nutrition,4268136.6694,176702,153541
137,2019,Yemen,Protection,20183868.4226,521879,617335
138,2019,Yemen,Water Sanitation Hygiene,47375313.090660006,3454843,3906540
0,2020,Afghanistan,Coordination and Support Services,9195099.95,76662,2634
1,2020,Afghanistan,Education,1455763.42,171585,172056
2,2020,Afghanistan,Emergency Shelter and NFI,11765236.7577,233810,237085
3,2020,Afghanistan,Food Security,10851945.611900002,514904,464617
4,2020,Afghanistan,Health,13156308.758605,2152816,4043317
5,2020,Afghanistan,Nutrition,8015693.27468,448474,848600
6,2020,Afghanistan,Protection,10052012.085915,923951,1035995
7,2020,Afghanistan,Water Sanitation Hygiene,9782455.5512,1010686,1140079
8,2020,CAR,Camp Coordination / Management,1607468.38745,119821,134852
9,2020,CAR,Coordination and Support Services,870231.3500000001,2086,2059
10,2020,CAR,Education,1396688.4049,145726,130351
11,2020,CAR,Emergency Shelter and NFI,3316534.9503880003,235635,191648
12,2020,CAR,Emergency Telecommunications,160037.55,2200,689
13,2020,CAR,Food Security,4762042.0195,141912,159306
14,2020,CAR,Health,3308684.918,621595,658157
15,2020,CAR,Logistics,4542869.7345,615,585
16,2020,CAR,Nutrition,2887373.2899,310983,300369
17,2020,CAR,Protection,3057054.581116,326784,456278
18,2020,CAR,Water Sanitation Hygiene,4930985.154246001,676247,825604
19,2020,DRC,Education,3524574.2215,64287,50815
20,2020,DRC,Emergency Shelter and NFI,7862583.630863,223598,230140
21,2020,DRC,Food Security,15726052.665438,481170,348026
22,2020,DRC,Health,12878888.9981,1810904,2144152
23,2020,DRC,Logistics,902131.98,115016,355043
24,2020,DRC,Multi-Sector,1038011.87,114,118
25,2020,DRC,Nutrition,7580754.843,435491,557439
26,2020,DRC,Protection,12004863.648005,820678,1068370
27,2020,DRC,Water Sanitation Hygiene,13482779.813094,1591573,2180639
28,2020,Ethiopia,Education,2776067.9294,145533,160972
29,2020,Ethiopia,Emergency Shelter and NFI,12308091.484682,899202,961829
30,2020,Ethiopia,Food Security,2390790.01,902733,740857
31,2020,Ethiopia,Health,12250001.962726,2498205,2680331
32,2020,Ethiopia,Logistics,4800014.85,75,101
33,2020,Ethiopia,Nutrition,5919619.395371,754979,942293
34,2020,Ethiopia,Protection,5982411.703962999,673842,688174
35,2020,Ethiopia,Water Sanitation Hygiene,11051524.223858,1374747,1470083
36,2020,Iraq,Camp Coordination / Management,1100182.8,27503,20404
37,2020,Iraq,Coordination and Support Services,605367.23,34722,46834
38,2020,Iraq,Education,2100000.01,74621,74900
39,2020,Iraq,Emergency Shelter and NFI,3126977.85,30168,32089
40,2020,Iraq,Food Security,2200000.0,11664,13672
41,2020,Iraq,Health,2905023.7,1390267,239497
42,2020,Iraq,Multi-Sector,2999807.06,13686,16853
43,2020,Iraq,Protection,7957509.72,150125,202018
44,2020,Iraq,Water Sanitation Hygiene,4599244.21,221574,313757
45,2020,Jordan,Emergency Shelter and NFI,3812763.542,73990,74478
46,2020,Jordan,Health,1634009.98,534448,94373
47,2020,Jordan,Protection,1567377.198,162363,303446
48,2020,Jordan,Water Sanitation Hygiene,1320363.7,343557,333942
49,2020,Lebanon,Coordination and Support Services,431594.12380000006,14235,1953
50,2020,Lebanon,COVID-19,211168.939,330,483
51,2020,Lebanon,Emergency Shelter and NFI,996813.01,25605,33710
52,2020,Lebanon,Food Security,3921972.9762,61564,83003
53,2020,Lebanon,Health,6697707.4896,75432,108593
54,2020,Lebanon,Protection,3061693.4114,15923,17889
55,2020,Lebanon,Water Sanitation Hygiene,889156.0800000001,2331,3061
56,2020,Myanmar,Camp Coordination / Management,200155.32900000003,7544,7350
57,2020,Myanmar,Coordination and Support Services,326635.5,29036,27056
58,2020,Myanmar,COVID-19,3789334.2925,719034,782551
59,2020,Myanmar,Education,1990652.8257,62538,67663
60,2020,Myanmar,Emergency Shelter and NFI,2634645.0884,74315,65879
61,2020,Myanmar,Food Security,1883014.419,50454,40457
62,2020,Myanmar,Health,1678063.9272000005,197987,171890
63,2020,Myanmar,Nutrition,291158.5085,10887,11279
64,2020,Myanmar,Protection,2063041.4016,146763,124491
65,2020,Myanmar,Water Sanitation Hygiene,1688031.4881000002,98085,57604
66,2020,Nigeria,Coordination and Support Services,809358.43,100220,400311
67,2020,Nigeria,Emergency Shelter and NFI,5934223.876800001,802700,1016194
68,2020,Nigeria,Food Security,588800.63,4800,5204
69,2020,Nigeria,Health,6102701.25,1511885,1426620
70,2020,Nigeria,Nutrition,4249657.22,171107,271510
71,2020,Nigeria,Protection,2114866.6232000003,407580,306157
72,2020,Nigeria,Water Sanitation Hygiene,3558494.47,505220,887592
73,2020,oPt,Education,687991.816,10302,11563
74,2020,oPt,Emergency Shelter and NFI,4483074.300000001,95299,104754
75,2020,oPt,Food Security,9332312.49,143463,144952
76,2020,oPt,Health,12932171.984,1108640,2384602
77,2020,oPt,Protection,3575189.4000000004,87352,96202
78,2020,oPt,Water Sanitation Hygiene,5179161.77,10748187,9276079
79,2020,Pakistan,Food Security,5793917.380000001,1661231,209717
80,2020,Pakistan,Health,2893633.4,1457007,1493631
81,2020,Pakistan,Water Sanitation Hygiene,993893.78,248775,251689
82,2020,Somalia,Camp Coordination / Management,2182999.905575,241748,420966
83,2020,Somalia,Education,1473282.526,58717,119835
84,2020,Somalia,Emergency Shelter and NFI,6339097.147050001,153501,162723
85,2020,Somalia,Food Security,3927553.07,88720,94472
86,2020,Somalia,Health,6133145.917,300712,319593
87,2020,Somalia,Logistics,1000006.52,30,0
88,2020,Somalia,Multi-Sector,1464691.444,3786,3703
89,2020,Somalia,Nutrition,2024641.093,135119,158255
90,2020,Somalia,Protection,4427332.364,192554,630262
91,2020,Somalia,Water Sanitation Hygiene,7583332.533375001,300477,322371
92,2020,South Sudan,Camp Coordination / Management,1448473.2379,69054,103966
93,2020,South Sudan,Coordination and Support Services,1000000.0,153783,374
94,2020,South Sudan,Education,2483007.7613,43843,56481
95,2020,South Sudan,Emergency Shelter and NFI,4455428.4015,423010,410594
96,2020,South Sudan,Food Security,8081613.5613,1238075,1299716
97,2020,South Sudan,Health,14294684.16295,709732,939101
98,2020,South Sudan,Logistics,2200000.05,29117,29161
99,2020,South Sudan,Nutrition,8936579.5294,461861,582512
100,2020,South Sudan,Protection,11596212.06845,433302,593582
101,2020,South Sudan,Water Sanitation Hygiene,7886676.317199999,473024,599476
102,2020,Sudan,Coordination and Support Services,676881.98,56244,69473
103,2020,Sudan,Education,1049962.54,43242,52337
104,2020,Sudan,Emergency Shelter and NFI,2582439.11,162645,156520
105,2020,Sudan,Food Security,18632906.3454,16412260,16622658
106,2020,Sudan,Health,24397314.6827,8855180,6574441
107,2020,Sudan,Nutrition,7687413.609200001,798208,323062
108,2020,Sudan,Protection,3537737.4128,164212,148408
109,2020,Sudan,Water Sanitation Hygiene,17226933.9199,2842556,2207539
110,2020,Syria,COVID-19,21879349.270000003,9454749,9347116
111,2020,Syria,Early Recovery,3438051.0650000004,84736,93392
112,2020,Syria,Education,2923667.6900000004,44193,43532
113,2020,Syria,Emergency Shelter and NFI,8927058.38,218856,273062
114,2020,Syria,Food Security,11281481.761999998,344903,330675
115,2020,Syria,Health,8053002.129999999,1088546,679007
116,2020,Syria,Logistics,1500000.0,300,134
117,2020,Syria,Nutrition,1502996.04,277881,289434
118,2020,Syria,Protection,3272522.66,480007,242165
119,2020,Syria,Water Sanitation Hygiene,5959814.052999999,883913,1073959
120,2020,Syria Cross border,Camp Coordination / Management,8093467.5685,177968,173499
121,2020,Syria Cross border,Coordination and Support Services,1583687.5799999998,4016250,15974
122,2020,Syria Cross border,Early Recovery,6504965.800432,963499,1188214
123,2020,Syria Cross border,Education,8861311.328,152885,202677
124,2020,Syria Cross border,Emergency Shelter and NFI,38521081.79704,722728,843800
125,2020,Syria Cross border,Food Security,44037187.149111,1346428,1379418
126,2020,Syria Cross border,Health,37565820.917692006,6189950,5608319
127,2020,Syria Cross border,Nutrition,2729381.829445,549845,643283
128,2020,Syria Cross border,Protection,14956942.3035,855560,920871
129,2020,Syria Cross border,Water Sanitation Hygiene,21739055.57628,1980708,2309748
130,2020,Ukraine,Coordination and Support Services,630009.645028,29200,30201
131,2020,Ukraine,COVID-19,1992139.0,15558,19938
132,2020,Ukraine,Education,346628.607,4035,4078
133,2020,Ukraine,Emergency Shelter and NFI,820577.1240000001,4816,3077
134,2020,Ukraine,Food Security,532657.691,3899,2763
135,2020,Ukraine,Health,2482704.991,415075,383887
136,2020,Ukraine,Protection,1346984.620264,77709,32559
137,2020,Ukraine,Water Sanitation Hygiene,2573438.741708,64594,37138
138,2020,Yemen,Camp Coordination / Management,2859475.6143,98609,66752
139,2020,Yemen,Education,2114118.093888,50876,38241
140,2020,Yemen,Emergency Shelter and NFI,8516822.9747,337153,100356
141,2020,Yemen,Emergency Telecommunications,2384802.6277,78,83
142,2020,Yemen,Food Security,15383075.908512,153252,120143
143,2020,Yemen,Health,29729313.527,2116251,1329506
144,2020,Yemen,Logistics,1995012.7623,53,47
145,2020,Yemen,Multi-Sector,8222690.88,561307,457104
146,2020,Yemen,Nutrition,9555852.1853,457591,569301
147,2020,Yemen,Protection,6611316.100199999,160158,118078
148,2020,Yemen,Water Sanitation Hygiene,11721353.5461,597315,454156
0,2021,Afghanistan,Coordination and Support Services,3100000.0,6700,7095
1,2021,Afghanistan,Education,10778309.02,137233,64278
2,2021,Afghanistan,Emergency Shelter and NFI,23028813.85,454861,289636
3,2021,Afghanistan,Food Security,37687113.54,1450885,634156
4,2021,Afghanistan,Health,25059593.6809,19192068,1445352
5,2021,Afghanistan,Nutrition,13635847.2307,1541440,349422
6,2021,Afghanistan,Protection,19143676.78,1353439,406652
7,2021,Afghanistan,Water Sanitation Hygiene,32969694.308400005,4206652,509511
8,2021,CAR,Camp Coordination / Management,1254355.7325,80393,51060
9,2021,CAR,Coordination and Support Services,1358673.6289,19979,18485
10,2021,CAR,Education,999881.93,32490,33915
11,2021,CAR,Emergency Shelter and NFI,740291.1224,67264,43531
12,2021,CAR,Emergency Telecommunications,605081.179,1899693,1034426
13,2021,CAR,Food Security,1484542.5052,44529,34859
14,2021,CAR,Health,7039970.7449,755484,700487
15,2021,CAR,Logistics,1544917.911,45,45
16,2021,CAR,Nutrition,822996.8506,126988,114366
17,2021,CAR,Protection,4322387.7355,280249,175129
18,2021,CAR,Water Sanitation Hygiene,3125007.3,222149,195616
19,2021,DRC,Coordination and Support Services,1466441.54,584234,11749
20,2021,DRC,Education,3156128.5874,93569,125127
21,2021,DRC,Emergency Shelter and NFI,11884087.71,319722,137781
22,2021,DRC,Food Security,10675388.4905,206974,180612
23,2021,DRC,Health,5472913.1691,233100,60779
24,2021,DRC,Logistics,957584.18,49408,45451
25,2021,DRC,Multi-Sector,13226815.9064,263896,40616
26,2021,DRC,Nutrition,3965622.0953,158698,60093
27,2021,DRC,Protection,9343477.998965,607315,558281
28,2021,DRC,Water Sanitation Hygiene,4984445.152335,295644,213609
29,2021,Ethiopia,Camp Coordination / Management,5696996.69,954107,734684
30,2021,Ethiopia,Coordination and Support Services,703011.4,10120,2000
31,2021,Ethiopia,Education,7132441.536195001,394232,199627
32,2021,Ethiopia,Emergency Shelter and NFI,18858104.493,1685200,359497
33,2021,Ethiopia,Food Security,4803296.5456,606664,532589
34,2021,Ethiopia,Health,15473829.2795,7077229,5140557
35,2021,Ethiopia,Logistics,1000000.03,25,0
36,2021,Ethiopia,Nutrition,12588776.6304,1599497,1052700
37,2021,Ethiopia,Protection,15041038.677605,2107094,596431
38,2021,Ethiopia,Water Sanitation Hygiene,17221654.9777,2948890,472987
39,2021,Iraq,Early Recovery,1500000.0,5075,1495
40,2021,Iraq,Food Security,1499999.01,9790,4193
41,2021,Iraq,Health,7018017.01,499602,613586
42,2021,Iraq,Multi-Sector,2698999.99,11791,4575
43,2021,Iraq,Protection,8174254.34,129696,36277
44,2021,Iraq,Water Sanitation Hygiene,4500001.12,179893,33203
45,2021,Jordan,Health,1076277.12,6901,7376
46,2021,Jordan,Protection,946403.46,52338,16694
47,2021,Lebanon,Coordination and Support Services,743160.2540000001,7232,1385
48,2021,Lebanon,Education,2178139.83,4240,1300
49,2021,Lebanon,Food Security,7460541.008,40832,33623
50,2021,Lebanon,Health,4122035.075,41664,32773
51,2021,Lebanon,Logistics,4496422.87,8,8
52,2021,Lebanon,Nutrition,2644029.807,143902,23423
53,2021,Lebanon,Protection,3623144.956,24370,2329
54,2021,Myanmar,Education,2973030.7051,105338,63789
55,2021,Myanmar,Emergency Shelter and NFI,3390630.0951,115781,64756
56,2021,Myanmar,Food Security,2262924.3126,94237,85802
57,2021,Myanmar,Health,2225830.583525,333215,49354
58,2021,Myanmar,Nutrition,949949.994125,68600,16972
59,2021,Myanmar,Protection,2699514.6525,108110,34019
60,2021,Myanmar,Water Sanitation Hygiene,3955734.15705,173258,101719
61,2021,Niger (RhPF),Education,1067997.36,16967,5343
62,2021,Niger (RhPF),Emergency Shelter and NFI,2166336.8637,53879,37810
63,2021,Niger (RhPF),Food Security,1610636.5414,98955,29174
64,2021,Niger (RhPF),Health,2142592.6616,103373,96725
65,2021,Niger (RhPF),Nutrition,724481.7295,38647,41247
66,2021,Niger (RhPF),Protection,1879631.0266,112052,48088
67,2021,Niger (RhPF),Water Sanitation Hygiene,2890941.7572,81420,54507
68,2021,Nigeria,Coordination and Support Services,1358997.5175,9057,46
69,2021,Nigeria,Early Recovery,1975013.52,20606,4555
70,2021,Nigeria,Education,1301812.1432760002,36196,32787
71,2021,Nigeria,Emergency Shelter and NFI,5098476.7008,739917,344178
72,2021,Nigeria,Food Security,1493060.01,37825,44864
73,2021,Nigeria,Health,1987600.39,549202,206086
74,2021,Nigeria,Nutrition,8722806.74964,232663,128744
75,2021,Nigeria,Protection,4510007.758614,664375,283080
76,2021,Nigeria,Water Sanitation Hygiene,4986520.90017,1199467,480305
77,2021,oPt,Coordination and Support Services,667774.3300000001,2400012,3400004
78,2021,oPt,Education,1981703.9728,37097,38609
79,2021,oPt,Emergency Shelter and NFI,4386978.9,7150,5123
80,2021,oPt,Food Security,7278059.516992,75861,80372
81,2021,oPt,Health,7503862.0918,813823,977281
82,2021,oPt,Protection,3391867.5916500003,417299,388481
83,2021,oPt,Water Sanitation Hygiene,2569041.896758,609518,606085
84,2021,Pakistan,Health,1537348.88,362098,384750
85,2021,Somalia,Camp Coordination / Management,2336329.3562,317591,230105
86,2021,Somalia,Education,2872674.50492,34727,36765
87,2021,Somalia,Emergency Shelter and NFI,4878685.3036,89711,95689
88,2021,Somalia,Food Security,7299570.29,185859,176714
89,2021,Somalia,Health,5004511.7382,491362,276095
90,2021,Somalia,Logistics,999998.0,30,0
91,2021,Somalia,Multi-Sector,690000.05,10140,10000
92,2021,Somalia,Nutrition,5498696.637,459029,205365
93,2021,Somalia,Protection,4491653.0976,158963,108287
94,2021,Somalia,Water Sanitation Hygiene,12196594.15248,430763,365524
95,2021,South Sudan,Camp Coordination / Management,3445397.617718,253344,328361
96,2021,South Sudan,Coordination and Support Services,728566.1518,8300042,8300042
97,2021,South Sudan,Education,4254811.0678,190663,165952
98,2021,South Sudan,Emergency Shelter and NFI,6032623.664007,442662,335173
99,2021,South Sudan,Food Security,5334058.174284,977194,893391
100,2021,South Sudan,Health,12334309.445804,1196673,1014881
101,2021,South Sudan,Logistics,4803473.5182,263127,502
102,2021,South Sudan,Nutrition,5616997.74072,312603,217210
103,2021,South Sudan,Protection,11831344.362778,603468,568382
104,2021,South Sudan,Water Sanitation Hygiene,14769805.096889,953035,880854
105,2021,Sudan,Coordination and Support Services,944128.19,1954262,1953262
106,2021,Sudan,Education,3662388.8289,284671,69510
107,2021,Sudan,Emergency Shelter and NFI,6272259.1179,225052,127310
108,2021,Sudan,Food Security,5430484.5304000005,358401,106966
109,2021,Sudan,Health,9522889.121,963427,215903
110,2021,Sudan,Nutrition,4341061.2268,309692,96840
111,2021,Sudan,Protection,10755740.8858,623589,231581
112,2021,Sudan,Water Sanitation Hygiene,15152907.5092,3027466,365075
113,2021,Syria,Early Recovery,1466234.006,176932,4063
114,2021,Syria,Education,6086755.6,40834,32162
115,2021,Syria,Emergency Shelter and NFI,11445928.57,157149,119943
116,2021,Syria,Food Security,16326835.793280002,785174,324242
117,2021,Syria,Health,13196205.2,4617809,3599999
118,2021,Syria,Logistics,999999.32,350,374
119,2021,Syria,Nutrition,1215550.809,172445,66354
120,2021,Syria,Protection,4152581.641,661343,55842
121,2021,Syria,Water Sanitation Hygiene,11557705.320719998,921490,481966
122,2021,Syria Cross border,Camp Coordination / Management,4064167.0938,209568,205141
123,2021,Syria Cross border,Coordination and Support Services,493518.24,17800,13646
124,2021,Syria Cross border,Early Recovery,17941938.130148,1835915,1354541
125,2021,Syria Cross border,Education,8960365.8783,314989,237728
126,2021,Syria Cross border,Emergency Shelter and NFI,28062034.991254,850025,700010
127,2021,Syria Cross border,Food Security,25722563.407752,1057643,881631
128,2021,Syria Cross border,Health,24026306.378546,1944768,1678641
129,2021,Syria Cross border,Logistics,2559848.759,255267,316664
130,2021,Syria Cross border,Nutrition,2488851.1814,409281,368118
131,2021,Syria Cross border,Protection,9787852.96296,425802,391488
132,2021,Syria Cross border,Water Sanitation Hygiene,27091355.22684,3930472,1698910
133,2021,Ukraine,Education,1235486.8553,22196,6916
134,2021,Ukraine,Emergency Shelter and NFI,1524275.1970000002,20505,0
135,2021,Ukraine,Food Security,1439109.0,13709,279
136,2021,Ukraine,Health,1542588.325,45904,93
137,2021,Ukraine,Protection,4580352.506700001,62862,715
138,2021,Ukraine,Water Sanitation Hygiene,3360445.1160000004,667377,1623
139,2021,Venezuela,Education,2393975.6946,27197,18863
140,2021,Venezuela,Emergency Shelter and NFI,1548270.1744,20215,25326
141,2021,Venezuela,Food Security,1914414.19848,30397,19982
142,2021,Venezuela,Health,821441.527,17263,8000
143,2021,Venezuela,Nutrition,397244.06859,8182,4867
144,2021,Venezuela,Protection,2088330.16593,36087,21482
145,2021,Venezuela,Water Sanitation Hygiene,2292361.521,34454,14220
146,2021,Yemen,Camp Coordination / Management,7191283.07911,346149,109570
147,2021,Yemen,Education,8846965.0007,238877,96947
148,2021,Yemen,Emergency Shelter and NFI,15643961.371180002,476642,77433
149,2021,Yemen,Food Security,10297400.0646,141856,18187
150,2021,Yemen,Health,14902149.452450002,6329027,1417252
151,2021,Yemen,Logistics,3245095.98,1120,0
152,2021,Yemen,Multi-Sector,7640003.95,465228,18127
153,2021,Yemen,Nutrition,6664520.04725,620007,67442
154,2021,Yemen,Protection,13147189.61554,1190511,96235
155,2021,Yemen,Water Sanitation Hygiene,23226159.95917,3227673,2651869
0,2022,Afghanistan,Coordination and Support Services,3117245.89,1000,0
1,2022,Afghanistan,Education,3529916.35,43555,0
2,2022,Afghanistan,Emergency Shelter and NFI,33000881.515,768420,2465
3,2022,Afghanistan,Food Security,45962235.6,1168288,22273
4,2022,Afghanistan,Health,13624355.1795,1879124,30977
5,2022,Afghanistan,Nutrition,5752075.5305,378439,6525
6,2022,Afghanistan,Protection,10023313.165,800738,16528
7,2022,Afghanistan,Water Sanitation Hygiene,17112855.03,1790943,0
8,2022,Burkina Faso (RhPF),Camp Coordination / Management,244900.0,23302,0
9,2022,Burkina Faso (RhPF),Education,674000.0,44926,0
10,2022,Burkina Faso (RhPF),Emergency Shelter and NFI,1829934.105276,60235,0
11,2022,Burkina Faso (RhPF),Food Security,4167300.8613,116070,0
12,2022,Burkina Faso (RhPF),Health,1256229.1984,102207,0
13,2022,Burkina Faso (RhPF),Nutrition,1973985.2438,163315,0
14,2022,Burkina Faso (RhPF),Protection,4538700.5889,295304,0
15,2022,Burkina Faso (RhPF),Water Sanitation Hygiene,5264917.582324,398546,0
16,2022,CAR,Camp Coordination / Management,674800.0,15979,0
17,2022,CAR,Coordination and Support Services,891873.4099999999,711,188
18,2022,CAR,Emergency Shelter and NFI,75000.0,1783,0
19,2022,CAR,Food Security,3844999.82,93700,12062
20,2022,CAR,Health,1150000.0,39105,20731
21,2022,CAR,Logistics,1849966.82,228,13
22,2022,CAR,Protection,250002.1,3150,0
23,2022,CAR,Water Sanitation Hygiene,1303906.38,93484,0
24,2022,DRC,Emergency Shelter and NFI,3250996.58,118707,0
25,2022,DRC,Health,3676548.8495,51735,0
26,2022,DRC,Nutrition,996803.584,19876,0
27,2022,DRC,Protection,4234103.0465,195577,0
28,2022,DRC,Water Sanitation Hygiene,1168780.97,80674,3552
29,2022,Ethiopia,Camp Coordination / Management,1000000.09,69805,0
30,2022,Ethiopia,Emergency Shelter and NFI,2400198.4,52800,18864
31,2022,Ethiopia,Food Security,3000001.01,468682,173
32,2022,Ethiopia,Health,600000.49,106548,0
33,2022,Ethiopia,Water Sanitation Hygiene,4300004.25,283207,93896
34,2022,Iraq,Multi-Sector,2486505.54,11406,0
35,2022,Iraq,Protection,3496012.99,53958,0
36,2022,Iraq,Water Sanitation Hygiene,2404000.69,79860,0
37,2022,Jordan,Health,400000.02,112,61
38,2022,Lebanon,Coordination and Support Services,1631979.85182,79181,0
39,2022,Lebanon,Education,755132.452,27309,0
40,2022,Lebanon,Emergency Shelter and NFI,1012151.9921,6177,0
41,2022,Lebanon,Food Security,4655685.5817,28931,0
42,2022,Lebanon,Health,2968508.996,16102,0
43,2022,Lebanon,Nutrition,1594197.85,76842,0
44,2022,Lebanon,Protection,1699215.74268,12408,0
45,2022,Lebanon,Water Sanitation Hygiene,1686856.3037,147429,0
46,2022,Myanmar,Coordination and Support Services,300000.18,112,0
47,2022,Nigeria,Emergency Shelter and NFI,310000.0,77167,0
48,2022,Nigeria,Health,900050.03,202000,0
49,2022,Nigeria,Nutrition,1071021.81,41126,0
50,2022,Nigeria,Water Sanitation Hygiene,461999.19,79000,0
51,2022,oPt,Coordination and Support Services,787311.69,2491200,0
52,2022,oPt,Education,935471.37,8772,0
53,2022,oPt,Emergency Shelter and NFI,3260927.66,5885,0
54,2022,oPt,Food Security,2392422.7800000003,21458,0
55,2022,oPt,Health,1499098.41,97522,142
56,2022,oPt,Protection,1048379.26,46602,0
57,2022,oPt,Water Sanitation Hygiene,1373319.9,13367,0
58,2022,Somalia,Camp Coordination / Management,1605607.309,233780,17000
59,2022,Somalia,Education,1632267.442,20457,0
60,2022,Somalia,Emergency Shelter and NFI,3919672.27082,134273,36061
61,2022,Somalia,Food Security,10496409.27,178085,45539
62,2022,Somalia,Health,6804352.0699000005,373109,0
63,2022,Somalia,Logistics,500000.0,100,0
64,2022,Somalia,Multi-Sector,300000.05,10000,0
65,2022,Somalia,Nutrition,8789086.098,391945,0
66,2022,Somalia,Protection,2639997.88818,82444,2181
67,2022,Somalia,Water Sanitation Hygiene,17447854.1921,681183,35158
68,2022,South Sudan,Coordination and Support Services,424554.56,560,0
69,2022,South Sudan,Health,242850.13,88915,40410
70,2022,South Sudan,Logistics,13002099.13,440080,0
71,2022,Sudan,Education,1132500.3564,39294,0
72,2022,Sudan,Emergency Shelter and NFI,2750966.849,74765,0
73,2022,Sudan,Food Security,5225325.9095,311462,8760
74,2022,Sudan,Health,5831962.3109,365056,0
75,2022,Sudan,Nutrition,7859288.7408,1414738,1416
76,2022,Sudan,Protection,9789039.9371,582573,0
77,2022,Sudan,Water Sanitation Hygiene,9272028.7463,867270,7014
78,2022,Syria Cross border,Camp Coordination / Management,1346371.5808,18507,0
79,2022,Syria Cross border,Coordination and Support Services,498040.06,3710000,0
80,2022,Syria Cross border,Early Recovery,11825633.378652,1394603,0
81,2022,Syria Cross border,Education,9190928.2039,136171,0
82,2022,Syria Cross border,Emergency Shelter and NFI,25928416.954500005,180058,0
83,2022,Syria Cross border,Food Security,10814317.530648,435412,0
84,2022,Syria Cross border,Health,12460790.7245,1274724,0
85,2022,Syria Cross border,Nutrition,1949463.9982,571317,7836
86,2022,Syria Cross border,Protection,6019999.4257000005,146464,0
87,2022,Syria Cross border,Water Sanitation Hygiene,6321067.5931,1205798,0
88,2022,Ukraine,Camp Coordination / Management,1228000.0,7731,0
89,2022,Ukraine,Coordination and Support Services,813051.0175000001,24842,0
90,2022,Ukraine,Education,1240455.1837,16429,0
91,2022,Ukraine,Emergency Shelter and NFI,11886244.8016,101538,0
92,2022,Ukraine,Emergency Telecommunications,521449.6818,9378,0
93,2022,Ukraine,Food Security,17358182.9524,215764,0
94,2022,Ukraine,Health,14761032.691,3692197,0
95,2022,Ukraine,Logistics,1000000.06,4,0
96,2022,Ukraine,Multi-purpose CASH,22844128.2787,108334,0
97,2022,Ukraine,Nutrition,260000.0,1708,0
98,2022,Ukraine,Protection,8567081.2588,233475,67
99,2022,Ukraine,Water Sanitation Hygiene,12770860.4545,338786,0
100,2022,Venezuela,Education,901158.261843,8079,0
101,2022,Venezuela,Emergency Shelter and NFI,500766.297842,5269,0
102,2022,Venezuela,Food Security,456693.828315,3734,0
103,2022,Venezuela,Health,84402.70910000001,1317,0
104,2022,Venezuela,Nutrition,18806.795,171,0
105,2022,Venezuela,Protection,1241345.1579,21884,0
106,2022,Venezuela,Water Sanitation Hygiene,271175.44,3037,0
107,2022,Yemen,Multi-Sector,3011347.62,275800,0
108,2022,Yemen,Water Sanitation Hygiene,4000081.15,3674508,0
