Entity,Code,Year,$2.15 a day - share of population below poverty line
Albania,ALB,1996,0.53484603570828
Albania,ALB,2002,1.09264739043891
Albania,ALB,2005,0.59108568413212
Albania,ALB,2008,0.19992514622249
Albania,ALB,2012,0.62069088717048
Albania,ALB,2014,1.0231007740106501
Albania,ALB,2015,0.12062105945625
Albania,ALB,2016,0.1393031662291
Albania,ALB,2017,0.39256993441453003
Albania,ALB,2018,0.04810704761888226
Albania,ALB,2019,0
Algeria,DZA,1988,6.42031133511754
Algeria,DZA,1995,5.77056640624999
Algeria,DZA,2011,0.45546752929687
Angola,AGO,2000,21.40884776538471
Angola,AGO,2008,14.632487286880941
Angola,AGO,2018,31.12200623143419
Argentina - urban,,1980,0.30901245117187
Argentina - urban,,1986,1.1191321131303
Argentina - urban,,1987,1.18608591777318
Argentina - urban,,1991,0.97202862867158
Argentina - urban,,1992,1.67371252553374
Argentina - urban,,1993,1.97666617166051
Argentina - urban,,1994,1.91132659932257
Argentina - urban,,1995,3.85543438890523
Argentina - urban,,1996,4.2175671838763
Argentina - urban,,1997,3.76575080725686
Argentina - urban,,1998,3.9691887941735198
Argentina - urban,,1999,4.187958436971511
Argentina - urban,,2000,4.98826136031183
Argentina - urban,,2001,8.23478682494225
Argentina - urban,,2002,12.44715453882538
Argentina - urban,,2003,5.27926261750941
Argentina - urban,,2004,3.81300630307529
Argentina - urban,,2005,2.63117881983875
Argentina - urban,,2006,2.11825600775217
Argentina - urban,,2007,1.72366832755736
Argentina - urban,,2008,1.58667020551422
Argentina - urban,,2009,1.5240720327453101
Argentina - urban,,2010,0.7493294108166699
Argentina - urban,,2011,0.70741950977296
Argentina - urban,,2012,0.64078860151052
Argentina - urban,,2013,0.62253532606768
Argentina - urban,,2014,0.6124674575500899
Argentina - urban,,2016,0.66754935526147
Argentina - urban,,2017,0.42402739515903
Argentina - urban,,2018,0.7674704879175199
Argentina - urban,,2019,0.78400696585487
Argentina - urban,,2020,1.07472691064735
Armenia,ARM,1996,13.8988232421875
Armenia,ARM,1999,11.8994137949926
Armenia,ARM,2001,13.97474937618221
Armenia,ARM,2002,9.96660404925902
Armenia,ARM,2003,7.53951747088186
Armenia,ARM,2004,5.31780552827276
Armenia,ARM,2005,2.62957038704493
Armenia,ARM,2006,1.9985935161265698
Armenia,ARM,2007,1.5362026096289
Armenia,ARM,2008,0.87969424793796
Armenia,ARM,2009,1.2476557322389699
Armenia,ARM,2010,0.95146534576944
Armenia,ARM,2011,1.18507093771001
Armenia,ARM,2012,0.83222234925673
Armenia,ARM,2013,1.7382651755770102
Armenia,ARM,2014,1.43914308340864
Armenia,ARM,2015,1.14636006826349
Armenia,ARM,2016,1.10794656780779
Armenia,ARM,2017,0.7856545903530301
Armenia,ARM,2018,1.33982092639115
Armenia,ARM,2019,1.03006977854627
Armenia,ARM,2020,0.38813461106411
Australia,AUS,1981,0.9935030506376299
Australia,AUS,1985,1.00130975582873
Australia,AUS,1989,0.7442749773601199
Australia,AUS,1995,0.74978226727342
Australia,AUS,2001,0.74741161550504
Australia,AUS,2003,0.9973307112642301
Australia,AUS,2004,0.7125371959930601
Australia,AUS,2008,0.36123243956321
Australia,AUS,2010,0.3491684119292
Australia,AUS,2014,0.49848380316207996
Australia,AUS,2016,0.49874177937585
Australia,AUS,2018,0.49709397223352003
Austria,AUT,1987,0
Austria,AUT,1994,0.24839921379949
Austria,AUT,1995,0.9940315313986801
Austria,AUT,1997,0.20907756491374002
Austria,AUT,2000,0.24160877106211
Austria,AUT,2003,0.33220325787539
Austria,AUT,2004,0.08165288784259174
Austria,AUT,2005,0.15369010495473
Austria,AUT,2006,0.0901100072885743
Austria,AUT,2007,0.37229172908327
Austria,AUT,2008,0.47116701963636
Austria,AUT,2009,0.6562347202890401
Austria,AUT,2010,0.49070253233266
Austria,AUT,2011,0.41540422967133
Austria,AUT,2012,0.6169173685047901
Austria,AUT,2013,0.33799785519643
Austria,AUT,2014,0.2242602161789
Austria,AUT,2015,0.67719302046479
Austria,AUT,2016,0.6640635484559
Austria,AUT,2017,0.31808962045207
Austria,AUT,2018,0.56835836958835
Austria,AUT,2019,0.6406388870167501
Azerbaijan,AZE,1995,12.42059232238425
Azerbaijan,AZE,2001,6.15765868315339
Azerbaijan,AZE,2002,0.07950147137023947
Azerbaijan,AZE,2003,0.05058096569092904
Azerbaijan,AZE,2004,0
Azerbaijan,AZE,2005,0
Bangladesh,BGD,1983,37.28506352980493
Bangladesh,BGD,1988,41.73657715791901
Bangladesh,BGD,1991,41.94486330841814
Bangladesh,BGD,1995,33.668742429376906
Bangladesh,BGD,2000,33.32133370797154
Bangladesh,BGD,2005,23.96659106381875
Bangladesh,BGD,2010,18.223856287092367
Bangladesh,BGD,2016,13.468302966183652
Belarus,BLR,1993,0.40664916992186995
Belarus,BLR,1995,1.24876586914062
Belarus,BLR,1998,21.76336558170445
Belarus,BLR,1999,19.19229853881666
Belarus,BLR,2000,13.64242555762064
Belarus,BLR,2001,6.624224372279699
Belarus,BLR,2002,4.3943472284296
Belarus,BLR,2003,3.51035516050456
Belarus,BLR,2004,1.30083087716341
Belarus,BLR,2005,0.89088671864403
Belarus,BLR,2006,0.39857945909626
Belarus,BLR,2007,0.21858976901584
Belarus,BLR,2008,0.16652431721128
Belarus,BLR,2009,0.13817226525376
Belarus,BLR,2010,0.033942716072973056
Belarus,BLR,2011,0.006575961746989904
Belarus,BLR,2012,0.012055920338743788
Belarus,BLR,2013,0
Belarus,BLR,2014,0
Belarus,BLR,2015,0
Belarus,BLR,2016,0
Belarus,BLR,2017,0
Belarus,BLR,2018,0
Belarus,BLR,2019,0
Belarus,BLR,2020,0
Belgium,BEL,1985,0.24018778111196
Belgium,BEL,1988,0.47780891416932
Belgium,BEL,1992,0.9832838279244
Belgium,BEL,1995,0.41241007019715004
Belgium,BEL,1997,0.49247940301453
Belgium,BEL,2000,0.30550600944605
Belgium,BEL,2003,0.29441930302802
Belgium,BEL,2004,0.052021958900906766
Belgium,BEL,2005,0.19307023228475
Belgium,BEL,2006,0.16894152104215
Belgium,BEL,2007,0.15145147295103
Belgium,BEL,2008,0.11841666025686999
Belgium,BEL,2009,0.10758090902103999
Belgium,BEL,2010,0.13711528345956
Belgium,BEL,2011,0.16826817885325002
Belgium,BEL,2012,0.15657145382610999
Belgium,BEL,2013,0.14450805606870998
Belgium,BEL,2014,0.07649595881678319
Belgium,BEL,2015,0.07075854825920441
Belgium,BEL,2016,0.059816154206398305
Belgium,BEL,2017,0.14786858240154999
Belgium,BEL,2018,0.08111359554517086
Belgium,BEL,2019,0.07855246499889836
Belize,BLZ,1993,13.547187001746261
Belize,BLZ,1994,14.79382763478038
Belize,BLZ,1995,15.266472689772009
Belize,BLZ,1996,18.2710606561593
Belize,BLZ,1997,21.49214979338179
Belize,BLZ,1998,19.79583967794428
Belize,BLZ,1999,18.01328395129217
Benin,BEN,2003,53.08946231541665
Benin,BEN,2011,54.26164660246901
Benin,BEN,2015,50.70925713983717
Benin,BEN,2018,19.89600556556809
Bhutan,BTN,2003,13.362205297646579
Bhutan,BTN,2007,5.85342114882354
Bhutan,BTN,2012,1.73033004260496
Bhutan,BTN,2017,0.9457623986807001
Bolivia,BOL,1997,15.53888296761986
Bolivia,BOL,1999,21.87510193525917
Bolivia,BOL,2000,24.24742363348823
Bolivia,BOL,2001,19.03104385516069
Bolivia,BOL,2002,19.68642984850608
Bolivia,BOL,2004,10.2167711974631
Bolivia,BOL,2005,15.606612293077571
Bolivia,BOL,2006,12.49470663677931
Bolivia,BOL,2007,9.466773287020109
Bolivia,BOL,2008,8.34456744895364
Bolivia,BOL,2009,8.78165695642887
Bolivia,BOL,2011,5.29890479218556
Bolivia,BOL,2012,6.46793876136706
Bolivia,BOL,2013,5.2016298527957
Bolivia,BOL,2014,4.2758922385711395
Bolivia,BOL,2015,4.62996445977152
Bolivia,BOL,2016,5.62033805177685
Bolivia,BOL,2017,4.93336133775643
Bolivia,BOL,2018,3.2815931453554
Bolivia,BOL,2019,1.92053519825104
Bolivia,BOL,2020,3.11596278658541
Bolivia - urban,,1990,1.9871435546874898
Bolivia - urban,,1992,8.73693701683591
Bosnia and Herzegovina,BIH,2001,0.32574299634072
Bosnia and Herzegovina,BIH,2004,0.18114418646585
Bosnia and Herzegovina,BIH,2007,0.06645851220598432
Bosnia and Herzegovina,BIH,2011,0.07497875768384855
Botswana,BWA,1985,41.79435100859047
Botswana,BWA,1993,34.109624023437505
Botswana,BWA,2002,29.13940672770028
Botswana,BWA,2009,17.68670852392982
Botswana,BWA,2015,15.42624203018188
Brazil,BRA,1981,23.94789997079355
Brazil,BRA,1982,24.42482266227923
Brazil,BRA,1983,30.58091192061518
Brazil,BRA,1984,29.91546834743121
Brazil,BRA,1985,25.75045001508947
Brazil,BRA,1986,12.26566350959307
Brazil,BRA,1987,19.946051666522262
Brazil,BRA,1988,22.41805261733426
Brazil,BRA,1989,20.40369667875191
Brazil,BRA,1990,23.992810922728598
Brazil,BRA,1992,23.291227502234708
Brazil,BRA,1993,22.100883439624592
Brazil,BRA,1995,14.736035418643231
Brazil,BRA,1996,16.00468023933777
Brazil,BRA,1997,15.976236352587819
Brazil,BRA,1998,14.337863716345389
Brazil,BRA,1999,14.968738093065358
Brazil,BRA,2001,13.042174557373409
Brazil,BRA,2002,11.73864034532649
Brazil,BRA,2003,12.605869281542482
Brazil,BRA,2004,11.05581182834608
Brazil,BRA,2005,9.96290110876091
Brazil,BRA,2006,8.26423556182741
Brazil,BRA,2007,7.87037529959531
Brazil,BRA,2008,6.50766187634427
Brazil,BRA,2009,6.12039191107677
Brazil,BRA,2011,5.32249032827673
Brazil,BRA,2012,4.49351123843915
Brazil,BRA,2013,3.72855167138011
Brazil,BRA,2014,3.32594860053739
Brazil,BRA,2015,3.8774728228296396
Brazil,BRA,2016,4.70619244519363
Brazil,BRA,2017,5.2690492725075195
Brazil,BRA,2018,5.30176249510659
Brazil,BRA,2019,5.38858086276837
Brazil,BRA,2020,1.94955845692117
Bulgaria,BGR,1989,0.05271606445312499
Bulgaria,BGR,1992,0
Bulgaria,BGR,1994,0.26019409179687
Bulgaria,BGR,1995,1.20772946859903
Bulgaria,BGR,1997,0.54089965820312
Bulgaria,BGR,2001,2.57407159136613
Bulgaria,BGR,2003,0.9304603350253601
Bulgaria,BGR,2006,5.8306922516207695
Bulgaria,BGR,2007,0.49950868508941
Bulgaria,BGR,2008,1.25118403018788
Bulgaria,BGR,2009,1.30575012141303
Bulgaria,BGR,2010,2.00773576902256
Bulgaria,BGR,2011,2.45875722956694
Bulgaria,BGR,2012,2.30944382649777
Bulgaria,BGR,2013,1.7837765492858901
Bulgaria,BGR,2014,1.66030864920431
Bulgaria,BGR,2015,3.41964828698339
Bulgaria,BGR,2016,1.96649099955419
Bulgaria,BGR,2017,1.37176634944214
Bulgaria,BGR,2018,0.87046056184783
Bulgaria,BGR,2019,0.9236337027139
Burkina Faso,BFA,1994,82.07941730650653
Burkina Faso,BFA,1998,79.91789625584349
Burkina Faso,BFA,2003,54.703737610562285
Burkina Faso,BFA,2009,52.64916971282702
Burkina Faso,BFA,2014,39.60285868972454
Burkina Faso,BFA,2018,30.53531286554677
Burundi,BDI,1992,75.05941869741302
Burundi,BDI,1998,79.44115554829364
Burundi,BDI,2006,71.84431835884104
Burundi,BDI,2013,65.13289285225838
Cameroon,CMR,1996,50.365900686329276
Cameroon,CMR,2001,25.69444633208074
Cameroon,CMR,2007,31.4231301542042
Cameroon,CMR,2014,25.6575177357644
Canada,CAN,1971,2.24959101151341
Canada,CAN,1975,0.99801498766941
Canada,CAN,1981,0.49472088779400997
Canada,CAN,1987,0.22109677742125
Canada,CAN,1991,0.21757377323914
Canada,CAN,1994,0.24814096765243002
Canada,CAN,1997,0.4992698673055
Canada,CAN,1998,0.4993151205028
Canada,CAN,2000,0.24981048124975
Canada,CAN,2004,0.24355848530468
Canada,CAN,2007,0.24825242107119
Canada,CAN,2010,0.24883100418888
Canada,CAN,2012,0.24652140970677
Canada,CAN,2013,0.49648544485727997
Canada,CAN,2014,0.24215805027421
Canada,CAN,2015,0.24590448973404
Canada,CAN,2016,0.24871367060629002
Canada,CAN,2017,0.24701064698023997
Cape Verde,CPV,2001,19.57415437435068
Cape Verde,CPV,2007,10.56711628952768
Cape Verde,CPV,2015,4.564231085764741
Central African Republic,CAF,1992,82.18547219567344
Central African Republic,CAF,2008,61.88422247986082
Chad,TCD,2003,57.790244569798624
Chad,TCD,2011,36.61672674678951
Chad,TCD,2018,30.88294258570204
Chile,CHL,1987,15.380129399540929
Chile,CHL,1990,10.66800777994586
Chile,CHL,1992,6.69959819276168
Chile,CHL,1994,6.79746420943966
Chile,CHL,1996,4.66446772836116
Chile,CHL,1998,4.58669671203175
Chile,CHL,2000,5.82629181573992
Chile,CHL,2003,5.2878761441363995
Chile,CHL,2006,2.08726875815006
Chile,CHL,2009,1.7247626082630099
Chile,CHL,2011,0.93120649674168
Chile,CHL,2013,0.53117096650447
Chile,CHL,2015,0.43143427986093996
Chile,CHL,2017,0.33757934319269
Chile,CHL,2020,0.74950309698656
China,CHN,1981,91.62324187761638
China,CHN,1984,81.15975764673426
China,CHN,1987,67.49782314710397
China,CHN,1990,71.96233934676233
China,CHN,1993,62.70599480026364
China,CHN,1996,48.14048534818776
China,CHN,1999,45.96584191644169
China,CHN,2002,36.50299797791024
China,CHN,2005,22.11752329751216
China,CHN,2008,17.95898774162429
China,CHN,2010,13.902282150664929
China,CHN,2011,10.225214114714259
China,CHN,2012,8.49285966222431
China,CHN,2013,2.88303434868438
China,CHN,2014,2.07914925964741
China,CHN,2015,1.1696801269531198
China,CHN,2016,0.83326890742523
China,CHN,2017,0.67571399853515
China,CHN,2018,0.42781485792212004
China,CHN,2019,0.14242858705388
China - rural,,1981,96.8714265510206
China - rural,,1984,88.66635370496189
China - rural,,1987,78.37541477917463
China - rural,,1990,83.70144185573677
China - rural,,1993,77.35048583984374
China - rural,,1996,61.915046998102
China - rural,,1999,62.64702166910787
China - rural,,2002,54.85097839827111
China - rural,,2005,35.62847671170749
China - rural,,2008,31.937207031249997
China - rural,,2010,26.3475048828125
China - rural,,2011,19.879072265624988
China - rural,,2012,16.9743798828125
China - rural,,2013,5.31899658203125
China - rural,,2014,3.74460449218749
China - rural,,2015,2.09088256835937
China - rural,,2016,1.60880126953124
China - rural,,2017,1.3158911132812499
China - rural,,2018,0.88262817382812
China - rural,,2019,0.26019409179687
China - urban,,1981,70.78441650390627
China - urban,,1984,54.8574267578125
China - urban,,1987,33.53600830078125
China - urban,,1990,39.3057739893053
China - urban,,1993,27.0309619140625
China - urban,,1996,18.756249999999998
China - urban,,1999,14.801962890625001
China - urban,,2002,7.1008666992187495
China - urban,,2005,3.85444580078125
China - urban,,2008,1.9017114257812402
China - urban,,2010,1.06569702148437
China - urban,,2011,0.7666845703124899
China - urban,,2012,0.5897180175781199
China - urban,,2013,0.72396850585937
China - urban,,2014,0.67515014648437
China - urban,,2015,0.43105834960936995
China - urban,,2016,0.24188720703123998
China - urban,,2017,0.21137573242187
China - urban,,2018,0.11373901367187
China - urban,,2019,0.06492065429687499
Colombia,COL,1992,9.55751364968339
Colombia,COL,1996,17.57368979224699
Colombia,COL,1999,21.354278107259912
Colombia,COL,2000,17.49691720164116
Colombia,COL,2001,20.995247492279788
Colombia,COL,2002,14.178108020733829
Colombia,COL,2003,13.00503816658471
Colombia,COL,2004,12.007560468595239
Colombia,COL,2005,10.73840164347808
Colombia,COL,2008,11.025410712634539
Colombia,COL,2009,9.60557409269189
Colombia,COL,2010,8.28438856310842
Colombia,COL,2011,6.82815046823724
Colombia,COL,2012,6.71541704304994
Colombia,COL,2013,6.11598103886081
Colombia,COL,2014,5.43138274925664
Colombia,COL,2015,4.92547596285245
Colombia,COL,2016,4.9135301961586695
Colombia,COL,2017,4.33930490462354
Colombia,COL,2018,4.49826114553166
Colombia,COL,2019,5.28473754803056
Colombia,COL,2020,10.82104218424236
Colombia - urban,,1980,20.733393554687492
Colombia - urban,,1988,15.241328125
Colombia - urban,,1989,14.191733398437501
Colombia - urban,,1991,13.4106396484375
Comoros,COM,2004,14.62582427771197
Comoros,COM,2014,18.64372174606079
Congo,COG,2005,49.55370112555366
Congo,COG,2011,35.3574541559435
Costa Rica,CRI,1981,25.85989907157472
Costa Rica,CRI,1986,13.92253836212998
Costa Rica,CRI,1989,10.55257114654332
Costa Rica,CRI,1990,10.379871346131301
Costa Rica,CRI,1991,12.41373897864047
Costa Rica,CRI,1992,9.941775994614959
Costa Rica,CRI,1993,8.52735347338263
Costa Rica,CRI,1994,7.04106417111469
Costa Rica,CRI,1995,7.14930278918293
Costa Rica,CRI,1996,8.22092407661234
Costa Rica,CRI,1997,6.7248264311430495
Costa Rica,CRI,1998,5.22419637453172
Costa Rica,CRI,1999,6.81842390970358
Costa Rica,CRI,2000,6.92679380227729
Costa Rica,CRI,2001,5.0947590315000495
Costa Rica,CRI,2002,4.67528748800791
Costa Rica,CRI,2003,4.72428483318246
Costa Rica,CRI,2004,4.66347129673215
Costa Rica,CRI,2005,3.33394965262387
Costa Rica,CRI,2006,3.33784547555498
Costa Rica,CRI,2007,1.8206629954651499
Costa Rica,CRI,2008,2.42060991551328
Costa Rica,CRI,2009,2.47739933681805
Costa Rica,CRI,2010,1.48923621676459
Costa Rica,CRI,2011,1.7502994358486599
Costa Rica,CRI,2012,1.6733679093178602
Costa Rica,CRI,2013,1.64257881407421
Costa Rica,CRI,2014,1.50530348254108
Costa Rica,CRI,2015,1.57322685312318
Costa Rica,CRI,2016,1.3367380825742599
Costa Rica,CRI,2017,1.17235104783789
Costa Rica,CRI,2018,1.5057525687139302
Costa Rica,CRI,2019,1.05713947907674
Costa Rica,CRI,2020,2.21568769578274
Cote d'Ivoire,CIV,1985,8.22961861410495
Cote d'Ivoire,CIV,1986,4.4354845652070605
Cote d'Ivoire,CIV,1987,9.4303688664499
Cote d'Ivoire,CIV,1988,13.44997168348043
Cote d'Ivoire,CIV,1992,27.05814321837033
Cote d'Ivoire,CIV,1995,25.90620983615704
Cote d'Ivoire,CIV,1998,30.36479556052055
Cote d'Ivoire,CIV,2002,29.06684592355698
Cote d'Ivoire,CIV,2008,34.41735089163182
Cote d'Ivoire,CIV,2015,33.447137980445376
Cote d'Ivoire,CIV,2018,11.44848100448622
Croatia,HRV,1998,0
Croatia,HRV,1999,0.22358032226562
Croatia,HRV,2000,0.089329833984375
Croatia,HRV,2001,0.077125244140625
Croatia,HRV,2004,0
Croatia,HRV,2008,0
Croatia,HRV,2009,0.03442119811669354
Croatia,HRV,2010,0
Croatia,HRV,2011,0.62533627908373
Croatia,HRV,2012,0.78740206566369
Croatia,HRV,2013,0.7288681084522699
Croatia,HRV,2014,0.9818140715839699
Croatia,HRV,2015,0.59481451291517
Croatia,HRV,2016,0.61599095822454
Croatia,HRV,2017,0.51714880016437
Croatia,HRV,2018,0.43755046520018004
Croatia,HRV,2019,0.25992585079527
Cyprus,CYP,2004,0.0940679469432631
Cyprus,CYP,2005,0.006351349441962021
Cyprus,CYP,2006,0.018198818751043098
Cyprus,CYP,2007,0.025159187283424804
Cyprus,CYP,2008,0.008470222714587753
Cyprus,CYP,2009,0.1119649508533
Cyprus,CYP,2010,0.03667009565124719
Cyprus,CYP,2011,0.008045135377333378
Cyprus,CYP,2012,0.004237799399437313
Cyprus,CYP,2013,0.09701856859710274
Cyprus,CYP,2014,0.07832979681082766
Cyprus,CYP,2015,0.02679783162481171
Cyprus,CYP,2016,0.04114901146624805
Cyprus,CYP,2017,0.0328288643292692
Cyprus,CYP,2018,0.016506580524985676
Cyprus,CYP,2019,0.15383178586554
Czechia,CZE,1992,0
Czechia,CZE,1993,0.016102294921875
Czechia,CZE,1996,0
Czechia,CZE,2002,0
Czechia,CZE,2004,0
Czechia,CZE,2005,0.0049329859948645536
Czechia,CZE,2006,0.06581068016789511
Czechia,CZE,2007,0.11590256431843
Czechia,CZE,2008,0.03277983575364489
Czechia,CZE,2009,0.012035621436905808
Czechia,CZE,2010,0.036178333524036925
Czechia,CZE,2011,0.0460608440987897
Czechia,CZE,2012,0.03220715554147462
Czechia,CZE,2013,0.04569092884564948
Czechia,CZE,2014,0
Czechia,CZE,2015,0.008764511438047242
Czechia,CZE,2016,0
Czechia,CZE,2017,0
Czechia,CZE,2018,0.008861815510571906
Czechia,CZE,2019,0
Democratic Republic of Congo,COD,2004,91.46730229182299
Democratic Republic of Congo,COD,2012,69.68845629321834
Denmark,DNK,1987,0.49739552519340996
Denmark,DNK,1992,0.49395200675261003
Denmark,DNK,1995,0
Denmark,DNK,2000,0
Denmark,DNK,2003,0.34327459966827
Denmark,DNK,2004,0.31498065776517004
Denmark,DNK,2005,0.25484756547901
Denmark,DNK,2006,0.13750920644077
Denmark,DNK,2007,0.013914479531746578
Denmark,DNK,2008,0.11321056636174999
Denmark,DNK,2009,0.49477512027123005
Denmark,DNK,2010,0.05729400860760846
Denmark,DNK,2011,0
Denmark,DNK,2012,0
Denmark,DNK,2013,0.31091564605586
Denmark,DNK,2014,0.20261091696024003
Denmark,DNK,2015,0.17542585875317
Denmark,DNK,2016,0.27838695892652
Denmark,DNK,2017,0.14090515401063
Denmark,DNK,2018,0.17011175800918
Denmark,DNK,2019,0.25140717907057
Djibouti,DJI,2002,22.54721349669477
Djibouti,DJI,2012,19.69190516562961
Djibouti,DJI,2013,24.92598214208741
Djibouti,DJI,2017,19.07920729314478
Dominican Republic,DOM,1986,6.868979492187489
Dominican Republic,DOM,1989,17.48697265625
Dominican Republic,DOM,1992,7.625664062499999
Dominican Republic,DOM,1996,6.4501471790038405
Dominican Republic,DOM,1997,6.870506727406981
Dominican Republic,DOM,2000,6.7144300225814
Dominican Republic,DOM,2001,5.13796318671334
Dominican Republic,DOM,2002,7.61432425929089
Dominican Republic,DOM,2003,8.69780156398681
Dominican Republic,DOM,2004,11.60731069555615
Dominican Republic,DOM,2005,7.40954282178234
Dominican Republic,DOM,2006,6.255223046770129
Dominican Republic,DOM,2007,6.06792776533712
Dominican Republic,DOM,2008,5.44859976500379
Dominican Republic,DOM,2009,4.679976905385439
Dominican Republic,DOM,2010,3.8692138916051095
Dominican Republic,DOM,2011,4.05529396417465
Dominican Republic,DOM,2012,3.8488618638357597
Dominican Republic,DOM,2013,2.9718231458410598
Dominican Republic,DOM,2014,3.35592566835798
Dominican Republic,DOM,2015,2.53498694002828
Dominican Republic,DOM,2016,2.03017232201702
Dominican Republic,DOM,2017,1.00154514786029
Dominican Republic,DOM,2018,0.8355344090499799
Dominican Republic,DOM,2019,0.83268661734842
Dominican Republic,DOM,2020,1.05949487453213
East Asia and Pacific,,1990,65.75492010392028
East Asia and Pacific,,1991,63.85046952251238
East Asia and Pacific,,1992,61.179463055346986
East Asia and Pacific,,1993,58.215309588358735
East Asia and Pacific,,1994,53.69666506603499
East Asia and Pacific,,1995,50.00967798170542
East Asia and Pacific,,1996,45.47809831101609
East Asia and Pacific,,1997,45.22088946322298
East Asia and Pacific,,1998,46.21143300041944
East Asia and Pacific,,1999,42.79399137934286
East Asia and Pacific,,2000,39.517889126050584
East Asia and Pacific,,2001,37.22573851177568
East Asia and Pacific,,2002,33.2471254864735
East Asia and Pacific,,2003,29.93965771592385
East Asia and Pacific,,2004,26.24474384559669
East Asia and Pacific,,2005,21.603722561499268
East Asia and Pacific,,2006,21.04482521536053
East Asia and Pacific,,2007,18.75186298960311
East Asia and Pacific,,2008,17.62876627561846
East Asia and Pacific,,2009,15.545893955192568
East Asia and Pacific,,2010,13.31637553049684
East Asia and Pacific,,2011,10.365014823128769
East Asia and Pacific,,2012,8.81551159306788
East Asia and Pacific,,2013,4.49078366245885
East Asia and Pacific,,2014,3.57538581690107
East Asia and Pacific,,2015,2.6992142334266798
East Asia and Pacific,,2016,2.2415377322478
East Asia and Pacific,,2017,1.9081376519216102
East Asia and Pacific,,2018,1.52775539324283
East Asia and Pacific,,2019,1.12375666388394
Ecuador,ECU,1994,17.319041201292602
Ecuador,ECU,1999,21.84344908629893
Ecuador,ECU,2000,28.43041763781863
Ecuador,ECU,2003,14.85365333801408
Ecuador,ECU,2004,15.01704085460367
Ecuador,ECU,2005,11.80350743160614
Ecuador,ECU,2006,8.153783876281109
Ecuador,ECU,2007,8.51890075000453
Ecuador,ECU,2008,7.513952554115109
Ecuador,ECU,2009,7.310499781925831
Ecuador,ECU,2010,5.67820225797956
Ecuador,ECU,2011,4.66919769857314
Ecuador,ECU,2012,4.46314475068565
Ecuador,ECU,2013,3.24108939269616
Ecuador,ECU,2014,2.63561087329155
Ecuador,ECU,2015,3.4400664606918903
Ecuador,ECU,2016,3.57502726561227
Ecuador,ECU,2017,3.21325306187558
Ecuador,ECU,2018,3.31149068359195
Ecuador,ECU,2019,3.5835841686055603
Ecuador,ECU,2020,6.51924512161938
Ecuador - urban,,1987,17.65690638779916
Ecuador - urban,,1995,13.808840015387991
Ecuador - urban,,1998,15.98993932135949
Egypt,EGY,1990,5.29458740234375
Egypt,EGY,1995,3.03673828124999
Egypt,EGY,1999,1.38301635742187
Egypt,EGY,2004,3.10761390804641
Egypt,EGY,2008,2.87190292524609
Egypt,EGY,2010,1.03731411384354
Egypt,EGY,2012,0.8900780973144701
Egypt,EGY,2015,0.90603014380392
Egypt,EGY,2017,2.50485100413473
El Salvador,SLV,1989,18.902705078125003
El Salvador,SLV,1991,22.060561821983622
El Salvador,SLV,1995,13.25930085169783
El Salvador,SLV,1996,15.262266463592539
El Salvador,SLV,1998,21.03104358264713
El Salvador,SLV,1999,17.25117380385075
El Salvador,SLV,2000,12.94293448579659
El Salvador,SLV,2001,14.104641024425648
El Salvador,SLV,2002,14.728867022907979
El Salvador,SLV,2003,15.813786774035291
El Salvador,SLV,2004,11.48836299628398
El Salvador,SLV,2005,11.278455283367041
El Salvador,SLV,2006,7.65064271030564
El Salvador,SLV,2007,5.06849033240729
El Salvador,SLV,2008,7.71750792148713
El Salvador,SLV,2009,7.4199602064988195
El Salvador,SLV,2010,6.34563456345634
El Salvador,SLV,2011,5.34092947651605
El Salvador,SLV,2012,4.6371475886646705
El Salvador,SLV,2013,3.62472892868606
El Salvador,SLV,2014,3.44148444467794
El Salvador,SLV,2015,2.30884787706887
El Salvador,SLV,2016,2.63298194781856
El Salvador,SLV,2017,2.15549921415912
El Salvador,SLV,2018,1.84276633035538
El Salvador,SLV,2019,1.40191517782003
Estonia,EST,1993,1.35250488281249
Estonia,EST,1995,0.5897180175781199
Estonia,EST,1998,0.16255737304687
Estonia,EST,2000,1.43410825459921
Estonia,EST,2001,1.21818764742556
Estonia,EST,2002,1.36715444073728
Estonia,EST,2003,1.17724589944595
Estonia,EST,2004,0.54937651663125
Estonia,EST,2005,0.81168423723976
Estonia,EST,2006,0.8239719796424899
Estonia,EST,2007,0.42532370829073
Estonia,EST,2008,0.38617754527713
Estonia,EST,2009,0.55503705890667
Estonia,EST,2010,0.79221958979073
Estonia,EST,2011,0.9796155099968
Estonia,EST,2012,0.73973874845205
Estonia,EST,2013,0.85965476123982
Estonia,EST,2014,0.8305271274579701
Estonia,EST,2015,0.60004053268665
Estonia,EST,2016,0.47005861732049
Estonia,EST,2017,0.26870602915968
Estonia,EST,2018,0.24873583354075
Estonia,EST,2019,0.55694033588504
Eswatini,SWZ,1994,85.44823120117185
Eswatini,SWZ,2000,56.133382805481425
Eswatini,SWZ,2009,49.32560409406347
Eswatini,SWZ,2016,36.0798469644959
Ethiopia,ETH,1995,65.22973552264082
Ethiopia,ETH,1999,52.65446450997738
Ethiopia,ETH,2004,34.33869037747372
Ethiopia,ETH,2010,31.260569563242818
Ethiopia,ETH,2015,27.00761923778555
Ethiopia - rural,,1981,67.11083496093751
Europe and Central Asia,,1990,3.2296199473002303
Europe and Central Asia,,1991,3.78024542517804
Europe and Central Asia,,1992,5.34222518860664
Europe and Central Asia,,1993,6.38021075003608
Europe and Central Asia,,1994,8.2319987559258
Europe and Central Asia,,1995,8.25609798151549
Europe and Central Asia,,1996,8.28488221414859
Europe and Central Asia,,1997,7.768766182227529
Europe and Central Asia,,1998,7.660334352283369
Europe and Central Asia,,1999,9.838463805330939
Europe and Central Asia,,2000,9.15645591894721
Europe and Central Asia,,2001,8.35270943431972
Europe and Central Asia,,2002,7.41874746714348
Europe and Central Asia,,2003,7.24591197939645
Europe and Central Asia,,2004,6.28900682167777
Europe and Central Asia,,2005,6.25264555857121
Europe and Central Asia,,2006,5.55139700053565
Europe and Central Asia,,2007,4.97280824291581
Europe and Central Asia,,2008,4.39362765160309
Europe and Central Asia,,2009,4.261274346470341
Europe and Central Asia,,2010,4.19988210373591
Europe and Central Asia,,2011,3.88935307637203
Europe and Central Asia,,2012,3.7402026385038902
Europe and Central Asia,,2013,3.40125770806552
Europe and Central Asia,,2014,3.5471629434347
Europe and Central Asia,,2015,3.20082854319972
Europe and Central Asia,,2016,2.8748533633039397
Europe and Central Asia,,2017,2.84275994025756
Europe and Central Asia,,2018,2.428912247073
Europe and Central Asia,,2019,2.37723455777792
Fiji,FJI,2002,1.6781588534607101
Fiji,FJI,2008,1.02714118949006
Fiji,FJI,2013,0.36355158446855
Fiji,FJI,2019,1.3182688831243
Finland,FIN,1987,0
Finland,FIN,1991,0
Finland,FIN,1995,0
Finland,FIN,2000,0
Finland,FIN,2003,0.04927503686155934
Finland,FIN,2004,0.03941390286579493
Finland,FIN,2005,0.055315240841098595
Finland,FIN,2006,0.08037546638348031
Finland,FIN,2007,0.06374258591690347
Finland,FIN,2008,0.053872226969696034
Finland,FIN,2009,0.05247008639272371
Finland,FIN,2010,0.05384069595213045
Finland,FIN,2011,0.04739087799213791
Finland,FIN,2012,0.05272515768239931
Finland,FIN,2013,0.08513758540092074
Finland,FIN,2014,0.06616784007204189
Finland,FIN,2015,0.07020851045635178
Finland,FIN,2016,0.047236144510314014
Finland,FIN,2017,0.0657777349935803
Finland,FIN,2018,0.05677425607921964
Finland,FIN,2019,0.03882922955482434
France,FRA,1978,0.99054796881144
France,FRA,1984,1.49778357818541
France,FRA,1989,0.9899457028849199
France,FRA,1994,0
France,FRA,2000,0
France,FRA,2003,0.15735750257412
France,FRA,2004,0.049725942979498464
France,FRA,2005,0.04305545230800725
France,FRA,2006,0.027628507968372438
France,FRA,2007,0.014867865354186816
France,FRA,2008,0.009692238969602066
France,FRA,2009,0.04434899767610584
France,FRA,2010,0.08739456950345788
France,FRA,2011,0.025783391861228883
France,FRA,2012,0.060952414015624304
France,FRA,2013,0.060390083544795074
France,FRA,2014,0.01867866789461457
France,FRA,2015,0.1335550459814
France,FRA,2016,0.05812588255187085
France,FRA,2017,0.015888224681624763
France,FRA,2018,0.02116805483896156
Gabon,GAB,2005,5.48382304610843
Gabon,GAB,2017,2.46864195645475
Gambia,GMB,1998,74.09505575442816
Gambia,GMB,2003,50.685494085359316
Gambia,GMB,2010,29.82949546194779
Gambia,GMB,2015,13.38206680155778
Georgia,GEO,1996,6.76730506926965
Georgia,GEO,1997,18.78447111956898
Georgia,GEO,1998,16.96164027535902
Georgia,GEO,1999,21.79031319871354
Georgia,GEO,2000,22.89990672095508
Georgia,GEO,2001,23.00842895023498
Georgia,GEO,2002,12.689577087513202
Georgia,GEO,2003,12.94912802927683
Georgia,GEO,2004,12.37200815347528
Georgia,GEO,2005,12.882766662894852
Georgia,GEO,2006,12.59018362051747
Georgia,GEO,2007,14.19701945021759
Georgia,GEO,2008,12.44646512739874
Georgia,GEO,2009,12.12790248235966
Georgia,GEO,2010,14.36421603410144
Georgia,GEO,2011,13.401542432286831
Georgia,GEO,2012,10.66622452565624
Georgia,GEO,2013,8.078715131852041
Georgia,GEO,2014,6.12703900868774
Georgia,GEO,2015,4.87949176692656
Georgia,GEO,2016,4.91337152570461
Georgia,GEO,2017,6.22986564084638
Georgia,GEO,2018,5.55908026914432
Georgia,GEO,2019,4.84862864169345
Georgia,GEO,2020,5.80686748843498
Germany,DEU,1991,0
Germany,DEU,1992,0
Germany,DEU,1993,0
Germany,DEU,1994,0.18821348145076
Germany,DEU,1995,0.24242906244946
Germany,DEU,1996,0
Germany,DEU,1997,0
Germany,DEU,1998,0
Germany,DEU,1999,0
Germany,DEU,2000,0
Germany,DEU,2001,0
Germany,DEU,2002,0
Germany,DEU,2003,0
Germany,DEU,2004,0
Germany,DEU,2005,0
Germany,DEU,2006,0
Germany,DEU,2007,0
Germany,DEU,2008,0
Germany,DEU,2009,0
Germany,DEU,2010,0
Germany,DEU,2011,0
Germany,DEU,2012,0
Germany,DEU,2013,0
Germany,DEU,2014,0
Germany,DEU,2015,0
Germany,DEU,2016,0
Germany,DEU,2017,0.23355321884744998
Germany,DEU,2018,0
Ghana,GHA,1987,67.48690723697362
Ghana,GHA,1988,66.354150390625
Ghana,GHA,1991,71.75438903740526
Ghana,GHA,1998,56.71071163913454
Ghana,GHA,2005,42.50830944050378
Ghana,GHA,2012,25.742974657409718
Ghana,GHA,2016,25.29451553756629
Greece,GRC,1995,1.7376754571467101
Greece,GRC,2000,0.49310545864668004
Greece,GRC,2003,0.49829755144488996
Greece,GRC,2004,0.64183207807234
Greece,GRC,2005,0.33856171440316996
Greece,GRC,2006,0.55271566751931
Greece,GRC,2007,0.49926444768333006
Greece,GRC,2008,0.34444377652299
Greece,GRC,2009,0.62663521302324
Greece,GRC,2010,0.97306832233282
Greece,GRC,2011,1.1229174673153999
Greece,GRC,2012,1.4559223650015
Greece,GRC,2013,0.95517562987754
Greece,GRC,2014,1.51319351941294
Greece,GRC,2015,1.37009057148373
Greece,GRC,2016,1.0391967587467301
Greece,GRC,2017,0.8727766804056001
Greece,GRC,2018,0.13956267426895
Greece,GRC,2019,0.68955173572356
Guatemala,GTM,1986,49.702813810209214
Guatemala,GTM,1989,36.9952329470963
Guatemala,GTM,1998,13.996459960937498
Guatemala,GTM,2000,9.60777587798472
Guatemala,GTM,2006,11.650105224801099
Guatemala,GTM,2014,9.52130273061929
Guinea,GIN,1991,87.8703833260146
Guinea,GIN,1994,40.789442041725046
Guinea,GIN,2002,53.18787514681168
Guinea,GIN,2007,47.88705652318266
Guinea,GIN,2012,24.544148489345798
Guinea,GIN,2018,13.82009951713877
Guinea-Bissau,GNB,1993,42.23256820106586
Guinea-Bissau,GNB,2002,53.16658673756718
Guinea-Bissau,GNB,2010,66.68511559601096
Guinea-Bissau,GNB,2018,21.66049061706016
Guyana,GUY,1992,29.38440379593575
Guyana,GUY,1998,11.89703655634869
Haiti,HTI,2001,67.8336338753761
Haiti,HTI,2012,29.192194852264343
High income countries,,1990,0.45270259703689003
High income countries,,1991,0.44996738421425
High income countries,,1992,0.47286159584818005
High income countries,,1993,0.50602453605494
High income countries,,1994,0.48587270101998004
High income countries,,1995,0.48469422083275
High income countries,,1996,0.52835060046893
High income countries,,1997,0.53302225725372
High income countries,,1998,0.5415612972736701
High income countries,,1999,0.5113181731840101
High income countries,,2000,0.48383249900147
High income countries,,2001,0.48294070589814
High income countries,,2002,0.49091337106403
High income countries,,2003,0.56851558823824
High income countries,,2004,0.54890338240406
High income countries,,2005,0.5552270691985101
High income countries,,2006,0.5102475786463301
High income countries,,2007,0.49956327426433
High income countries,,2008,0.51174397294611
High income countries,,2009,0.51713761592603
High income countries,,2010,0.51030191968065
High income countries,,2011,0.5651797656888901
High income countries,,2012,0.58011864533033
High income countries,,2013,0.63364405362926
High income countries,,2014,0.6770405670313
High income countries,,2015,0.73176190071701
High income countries,,2016,0.63232538986092
High income countries,,2017,0.70130318775762
High income countries,,2018,0.6071110273771799
High income countries,,2019,0.60478639109351
Honduras,HND,1989,39.95956059455018
Honduras,HND,1990,41.997451672312046
Honduras,HND,1991,30.774722773209618
Honduras,HND,1992,26.96834256797252
Honduras,HND,1993,21.42963767103224
Honduras,HND,1994,24.304441193724262
Honduras,HND,1995,26.22905460299485
Honduras,HND,1996,28.55096368856294
Honduras,HND,1997,19.590013650118678
Honduras,HND,1998,24.54386791263326
Honduras,HND,1999,24.925199926286222
Honduras,HND,2001,19.8371181326291
Honduras,HND,2002,21.995176958409978
Honduras,HND,2003,26.49946985783358
Honduras,HND,2004,25.43301868204696
Honduras,HND,2005,25.06703844337001
Honduras,HND,2006,21.14211576401225
Honduras,HND,2007,15.642991878239759
Honduras,HND,2008,15.244035397952599
Honduras,HND,2009,12.32207927500822
Honduras,HND,2010,13.8022019577595
Honduras,HND,2011,14.32309039971511
Honduras,HND,2012,16.99270526182812
Honduras,HND,2013,14.568504707583449
Honduras,HND,2014,13.282176664815951
Honduras,HND,2015,12.977553918576309
Honduras,HND,2016,14.60698272526019
Honduras,HND,2017,13.855521659893691
Honduras,HND,2018,14.23357345395003
Honduras,HND,2019,12.742991740703042
Honduras - urban,,1986,49.40573874782391
Hungary,HUN,1987,0.06492065429687499
Hungary,HUN,1989,0.077125244140625
Hungary,HUN,1991,1.6757865882551002
Hungary,HUN,1993,0.18696655273437
Hungary,HUN,1994,1.24122175996379
Hungary,HUN,1998,0.04696981048014767
Hungary,HUN,1999,0.0712974930517105
Hungary,HUN,2000,0.060886282447651666
Hungary,HUN,2001,0
Hungary,HUN,2002,0
Hungary,HUN,2003,0.01813186269774345
Hungary,HUN,2004,0
Hungary,HUN,2005,0
Hungary,HUN,2006,0
Hungary,HUN,2007,0
Hungary,HUN,2008,0.021265051116005657
Hungary,HUN,2009,0.0647928150638074
Hungary,HUN,2010,0.07179315652857028
Hungary,HUN,2011,0.09156372992095467
Hungary,HUN,2012,0.32575903146986
Hungary,HUN,2013,0.18029880555511
Hungary,HUN,2014,0.65767438808185
Hungary,HUN,2015,0.62615482988082
Hungary,HUN,2016,1.3487225823699
Hungary,HUN,2017,0.6092673410523499
Hungary,HUN,2018,0.20753035431708
Hungary,HUN,2019,0.30170246165270004
Iceland,ISL,2003,0
Iceland,ISL,2004,0.17006549704711
Iceland,ISL,2005,0.037019659588209415
Iceland,ISL,2006,0.14680485778517
Iceland,ISL,2007,0.0806141699385053
Iceland,ISL,2008,0.060815003213338166
Iceland,ISL,2009,0.097200670681477
Iceland,ISL,2010,0.14938448839303
Iceland,ISL,2011,0.12328396232708001
Iceland,ISL,2012,0.03355581726279975
Iceland,ISL,2013,0.04702634432952122
Iceland,ISL,2014,0
Iceland,ISL,2015,0.03449018333056427
Iceland,ISL,2016,0
Iceland,ISL,2017,0
India,IND,1977,63.11343696846262
India,IND,1983,56.262834776424285
India,IND,1987,50.58804052026103
India,IND,1993,47.644573736789944
India,IND,2004,39.90965444754877
India,IND,2009,32.86712608340197
India,IND,2011,22.5322616670299
India,IND,2015,18.73055722796382
India,IND,2016,18.10634521713166
India,IND,2017,13.36569587480546
India,IND,2018,11.08792607947157
India,IND,2019,10.01220283574111
India - rural,,1977,68.6035290595451
India - rural,,1983,62.09431317137827
India - rural,,1987,55.19915527343752
India - rural,,1993,53.4918302971341
India - rural,,2004,45.31693369769012
India - rural,,2009,37.960624756634495
India - rural,,2011,26.31582489218679
India - rural,,2015,22.00114908999622
India - rural,,2016,20.092638770792888
India - rural,,2017,14.59545596139117
India - rural,,2018,11.67973418302364
India - rural,,2019,11.91788216961568
India - urban,,1977,43.67802246093749
India - urban,,1983,37.6733642578125
India - urban,,1987,36.62317830373253
India - urban,,1993,31.166388162934222
India - urban,,2004,26.608566897007456
India - urban,,2009,21.30812966673486
India - urban,,2011,14.2184875624847
India - urban,,2015,12.02283546025241
India - urban,,2016,14.106581410818539
India - urban,,2017,10.93545570577868
India - urban,,2018,9.94065659433776
India - urban,,2019,6.389687306361689
Indonesia,IDN,1984,74.16624190217499
Indonesia,IDN,1987,74.31923340894627
Indonesia,IDN,1990,62.7512457753962
Indonesia,IDN,1993,62.0967744257769
Indonesia,IDN,1996,51.28260058815239
Indonesia,IDN,1998,69.12381029995333
Indonesia,IDN,1999,45.96813344559951
Indonesia,IDN,2000,43.603420966735825
Indonesia,IDN,2001,39.873125933594224
Indonesia,IDN,2002,26.79416527099176
Indonesia,IDN,2003,26.44779548721563
Indonesia,IDN,2004,27.01486264903184
Indonesia,IDN,2005,24.64383366282931
Indonesia,IDN,2006,30.58649874706545
Indonesia,IDN,2007,25.24905794535895
Indonesia,IDN,2008,24.746971260748378
Indonesia,IDN,2009,20.9578402850034
Indonesia,IDN,2010,18.25309090568203
Indonesia,IDN,2011,15.693081827970559
Indonesia,IDN,2012,13.735317233879702
Indonesia,IDN,2013,11.17879636356131
Indonesia,IDN,2014,9.26191836248
Indonesia,IDN,2015,8.27628749212861
Indonesia,IDN,2016,7.51736056398635
Indonesia,IDN,2017,6.61834769144169
Indonesia,IDN,2018,5.42430002795262
Indonesia,IDN,2019,4.38057445185742
Indonesia,IDN,2020,3.8313687501219302
Indonesia,IDN,2021,3.5474440287130005
Indonesia - rural,,1984,83.29945494964728
Indonesia - rural,,1987,82.61676635742187
Indonesia - rural,,1990,73.09232656266316
Indonesia - rural,,1993,74.12074698427908
Indonesia - rural,,1996,64.02223486475424
Indonesia - rural,,1998,81.54196487452235
Indonesia - rural,,1999,56.62444192642299
Indonesia - rural,,2000,53.88269931854133
Indonesia - rural,,2001,51.22202036180285
Indonesia - rural,,2002,38.14525734732906
Indonesia - rural,,2003,36.95277136628346
Indonesia - rural,,2004,38.41655602847574
Indonesia - rural,,2005,35.55940513668609
Indonesia - rural,,2006,43.09745959938877
Indonesia - rural,,2007,35.88661013310424
Indonesia - rural,,2008,34.19159057684728
Indonesia - rural,,2009,28.88040664950187
Indonesia - rural,,2010,25.33477960433781
Indonesia - rural,,2011,21.59834332018222
Indonesia - rural,,2012,18.85098106096724
Indonesia - rural,,2013,14.90410706927881
Indonesia - rural,,2014,11.936789602141019
Indonesia - rural,,2015,10.22279993125635
Indonesia - rural,,2016,9.54999897699081
Indonesia - rural,,2017,8.41581327633155
Indonesia - rural,,2018,7.15672841578368
Indonesia - rural,,2019,5.89285748936598
Indonesia - rural,,2020,5.081639962753029
Indonesia - rural,,2021,4.62317502822739
Indonesia - urban,,1984,47.119716796875
Indonesia - urban,,1987,52.80705566406251
Indonesia - urban,,1990,39.28026561257531
Indonesia - urban,,1993,38.55528137870353
Indonesia - urban,,1996,29.80809671864032
Indonesia - urban,,1998,50.17744456199536
Indonesia - urban,,1999,30.500916664082673
Indonesia - urban,,2000,29.409392581112257
Indonesia - urban,,2001,24.69537569574426
Indonesia - urban,,2002,12.09152049916437
Indonesia - urban,,2003,13.26944585838174
Indonesia - urban,,2004,13.16307661993434
Indonesia - urban,,2005,11.79994426285827
Indonesia - urban,,2006,16.32917493468224
Indonesia - urban,,2007,13.50825283758142
Indonesia - urban,,2008,14.6516726650333
Indonesia - urban,,2009,12.75599918286382
Indonesia - urban,,2010,11.14699927582672
Indonesia - urban,,2011,9.92671272756403
Indonesia - urban,,2012,8.87425935511457
Indonesia - urban,,2013,7.73384298969421
Indonesia - urban,,2014,6.85486457938242
Indonesia - urban,,2015,6.57169713013102
Indonesia - urban,,2016,5.78508683484394
Indonesia - urban,,2017,5.12730527819689
Indonesia - urban,,2018,4.0253621427218595
Indonesia - urban,,2019,3.1916285273870297
Indonesia - urban,,2020,2.87427919227239
Indonesia - urban,,2021,2.74548083751384
Iran,IRN,1986,9.139033203124999
Iran,IRN,1990,8.4311669921875
Iran,IRN,1994,4.4768798828125
Iran,IRN,1998,4.52569824218749
Iran,IRN,2005,1.02102046584563
Iran,IRN,2006,0.84909673206619
Iran,IRN,2009,1.4918264068384999
Iran,IRN,2013,0.2687015823423
Iran,IRN,2014,0.7932577574383
Iran,IRN,2015,0.72021690961778
Iran,IRN,2016,0.69328687144604
Iran,IRN,2017,0.63202984230147
Iran,IRN,2018,0.85775532534755
Iran,IRN,2019,1.05039941211212
Iraq,IRQ,2006,0.0351821391267595
Iraq,IRQ,2012,0.088752466893556
Ireland,IRL,1987,0.68918403695922
Ireland,IRL,1994,0.16343376646094002
Ireland,IRL,1995,0.17609752257446
Ireland,IRL,1996,0.22401808463189
Ireland,IRL,2000,0.17827219729288
Ireland,IRL,2002,0.23505183467945
Ireland,IRL,2003,0.12763271245795998
Ireland,IRL,2004,0.052105939220119225
Ireland,IRL,2005,0.021705687589581548
Ireland,IRL,2006,0.39843080036942
Ireland,IRL,2007,0.09849627268072145
Ireland,IRL,2008,0.18050670895279
Ireland,IRL,2009,0.49060215674886004
Ireland,IRL,2010,0.5427571358161201
Ireland,IRL,2011,0.54494466797899
Ireland,IRL,2012,0.33501236546845997
Ireland,IRL,2013,0.6822285011513101
Ireland,IRL,2014,0.38895379330453
Ireland,IRL,2015,0.36762756414669
Ireland,IRL,2016,0.13472612075583
Ireland,IRL,2017,0.24319611549932
Ireland,IRL,2018,0.003921385803702843
Israel,ISR,1979,0
Israel,ISR,1986,0.23550048680506
Israel,ISR,1992,0.21532727528878
Israel,ISR,1997,0.24560835807814
Israel,ISR,2001,0.24897777230599
Israel,ISR,2002,0.48042534522946
Israel,ISR,2003,0.46270584248238
Israel,ISR,2004,0.49913886418382997
Israel,ISR,2005,0.48331529287181
Israel,ISR,2006,0.22496580588735002
Israel,ISR,2007,0.49181238479872
Israel,ISR,2008,0.48350790314352
Israel,ISR,2009,0.49162774520838004
Israel,ISR,2010,0.22767835340652
Israel,ISR,2011,0.23077059191448
Israel,ISR,2012,0.73900738983379
Israel,ISR,2013,0.45378033612217
Israel,ISR,2014,0.49243242007819
Israel,ISR,2015,0.49385365469248
Israel,ISR,2016,0.24139464325268
Israel,ISR,2017,0.45742481992044
Israel,ISR,2018,0.49676623734505
Italy,ITA,1986,0.20574409954019
Italy,ITA,1987,1.2409263838601299
Italy,ITA,1989,0
Italy,ITA,1991,0.24771694316105
Italy,ITA,1993,1.2232189013536499
Italy,ITA,1995,0.74232906814611
Italy,ITA,1998,1.7424412615559202
Italy,ITA,2000,1.24951702619588
Italy,ITA,2003,0.76940329621255
Italy,ITA,2004,0.60452063302
Italy,ITA,2005,0.64729021822395
Italy,ITA,2006,0.65343624517972
Italy,ITA,2007,0.68024297448851
Italy,ITA,2008,0.7041794906372101
Italy,ITA,2009,0.9115793037602
Italy,ITA,2010,1.26528952584288
Italy,ITA,2011,1.15604814953314
Italy,ITA,2012,1.2006084908033499
Italy,ITA,2013,1.37316720649828
Italy,ITA,2014,1.23212029928105
Italy,ITA,2015,1.9488664076009898
Italy,ITA,2016,1.6299454933417001
Italy,ITA,2017,1.42163425261996
Italy,ITA,2018,1.45764687124155
Jamaica,JAM,1988,4.6355395507812505
Jamaica,JAM,1990,2.88048746710981
Jamaica,JAM,1993,7.418186035156241
Jamaica,JAM,1996,2.56286081186527
Jamaica,JAM,1999,2.31470324604808
Jamaica,JAM,2002,2.12869125577269
Jamaica,JAM,2004,1.17724592699002
Japan,JPN,2008,0.47982560789475004
Japan,JPN,2010,0
Japan,JPN,2013,0.72788788742459
Jordan,JOR,1986,0
Jordan,JOR,1992,0.6385363769531199
Jordan,JOR,1997,0.40664916992186995
Jordan,JOR,2002,0.19518050501703
Jordan,JOR,2006,0.09088745132000124
Jordan,JOR,2008,0.010805056927010878
Jordan,JOR,2010,0.040854882816192
Kazakhstan,KAZ,1993,8.43530284204127
Kazakhstan,KAZ,1996,7.9405092009074805
Kazakhstan,KAZ,2001,12.814419388579
Kazakhstan,KAZ,2002,8.88737207711862
Kazakhstan,KAZ,2003,6.1678131877071305
Kazakhstan,KAZ,2004,3.3167065901499195
Kazakhstan,KAZ,2005,8.661421346861129
Kazakhstan,KAZ,2006,1.0114723183260401
Kazakhstan,KAZ,2007,0.38554861315699
Kazakhstan,KAZ,2008,0.24286519069544
Kazakhstan,KAZ,2009,0.24416531660974
Kazakhstan,KAZ,2010,0.19512290444497002
Kazakhstan,KAZ,2011,0.07109477073056424
Kazakhstan,KAZ,2012,0.03842410802243042
Kazakhstan,KAZ,2013,0.03310962863771632
Kazakhstan,KAZ,2014,0.019275258609872684
Kazakhstan,KAZ,2015,0.03827058671234729
Kazakhstan,KAZ,2016,0.05052871764268448
Kazakhstan,KAZ,2017,0.041498996781090224
Kazakhstan,KAZ,2018,0.015140791071523163
Kenya,KEN,1992,26.4451416015625
Kenya,KEN,1994,25.88055407274372
Kenya,KEN,1997,25.39386316890336
Kenya,KEN,2005,36.673839214698326
Kenya,KEN,2015,29.365105854988073
Kiribati,KIR,2006,14.02715236860688
Kiribati,KIR,2019,1.6573611395858299
Kosovo,OWID_KOS,2003,2.39785951907424
Kosovo,OWID_KOS,2005,4.209291920089029
Kosovo,OWID_KOS,2006,4.07594186660957
Kosovo,OWID_KOS,2009,3.4097537232772903
Kosovo,OWID_KOS,2010,2.89436463658758
Kosovo,OWID_KOS,2011,1.8802684771904201
Kosovo,OWID_KOS,2012,0.83493059358704
Kosovo,OWID_KOS,2013,0.44521712309817
Kosovo,OWID_KOS,2014,1.13690934426421
Kosovo,OWID_KOS,2015,0.77977387487739
Kosovo,OWID_KOS,2016,0.76469609350389
Kosovo,OWID_KOS,2017,0.44024131140892
Kyrgyzstan,KGZ,1998,28.42345722026383
Kyrgyzstan,KGZ,2000,38.182440143613675
Kyrgyzstan,KGZ,2001,33.35690264567288
Kyrgyzstan,KGZ,2002,31.14936255266888
Kyrgyzstan,KGZ,2003,25.70317874903839
Kyrgyzstan,KGZ,2004,11.57546949096996
Kyrgyzstan,KGZ,2005,13.574837116203131
Kyrgyzstan,KGZ,2006,8.37143420179909
Kyrgyzstan,KGZ,2007,8.752659227500981
Kyrgyzstan,KGZ,2008,3.30928851750733
Kyrgyzstan,KGZ,2009,1.5469307022829801
Kyrgyzstan,KGZ,2010,3.5214179898518703
Kyrgyzstan,KGZ,2011,1.25777040757236
Kyrgyzstan,KGZ,2012,2.62981471565378
Kyrgyzstan,KGZ,2013,2.62000409048392
Kyrgyzstan,KGZ,2014,1.048443573237
Kyrgyzstan,KGZ,2015,2.1805963238895503
Kyrgyzstan,KGZ,2016,1.14351041022972
Kyrgyzstan,KGZ,2017,1.26857453888252
Kyrgyzstan,KGZ,2018,0.7358914730827
Kyrgyzstan,KGZ,2019,0.65906366762556
Kyrgyzstan,KGZ,2020,1.3309736024010599
Laos,LAO,1992,23.70080339654888
Laos,LAO,1997,43.1954438581222
Laos,LAO,2002,25.3698817357066
Laos,LAO,2007,19.54654011991936
Laos,LAO,2012,10.89104423435207
Laos,LAO,2018,7.13836282886032
Latin America and the Caribbean,,1990,16.71940071637637
Latin America and the Caribbean,,1991,15.755020577164641
Latin America and the Caribbean,,1992,15.84686283745535
Latin America and the Caribbean,,1993,15.620658890047078
Latin America and the Caribbean,,1994,14.422590048069289
Latin America and the Caribbean,,1995,14.44297293382332
Latin America and the Caribbean,,1996,16.19090023398719
Latin America and the Caribbean,,1997,15.34952875774751
Latin America and the Caribbean,,1998,14.51955624819232
Latin America and the Caribbean,,1999,14.66628834037969
Latin America and the Caribbean,,2000,13.526497648836669
Latin America and the Caribbean,,2001,13.23832933982532
Latin America and the Caribbean,,2002,12.43784308436021
Latin America and the Caribbean,,2003,12.12852351778313
Latin America and the Caribbean,,2004,11.045308070682431
Latin America and the Caribbean,,2005,10.450051128593401
Latin America and the Caribbean,,2006,8.51942331009405
Latin America and the Caribbean,,2007,8.128914891446
Latin America and the Caribbean,,2008,7.55254431729908
Latin America and the Caribbean,,2009,7.1128691024168305
Latin America and the Caribbean,,2010,6.446176415766421
Latin America and the Caribbean,,2011,5.96546704921077
Latin America and the Caribbean,,2012,5.06418014718292
Latin America and the Caribbean,,2013,4.5315181108123905
Latin America and the Caribbean,,2014,4.27143645172794
Latin America and the Caribbean,,2015,4.1831529962767
Latin America and the Caribbean,,2016,4.4054386122303395
Latin America and the Caribbean,,2017,4.3780090798989
Latin America and the Caribbean,,2018,4.28554930094041
Latin America and the Caribbean,,2019,4.32243730968027
Latvia,LVA,1993,0.016102294921875
Latvia,LVA,1995,0.03057297029143622
Latvia,LVA,1996,1.76558918841218
Latvia,LVA,1997,2.19710157247711
Latvia,LVA,1998,1.75643532700229
Latvia,LVA,2002,0.7171941301015899
Latvia,LVA,2003,0.60446307188255
Latvia,LVA,2004,0.28444553042938
Latvia,LVA,2005,2.36202169497339
Latvia,LVA,2006,1.55333166338107
Latvia,LVA,2007,0.021305428505382647
Latvia,LVA,2008,0.02712718716783344
Latvia,LVA,2009,0.35493137748408
Latvia,LVA,2010,1.7326764271630097
Latvia,LVA,2011,1.0286085721047
Latvia,LVA,2012,1.06769943434734
Latvia,LVA,2013,1.16537874250128
Latvia,LVA,2014,0.79135590582765
Latvia,LVA,2015,0.6503109651404899
Latvia,LVA,2016,0.64695127129156
Latvia,LVA,2017,0.79721786574606
Latvia,LVA,2018,0.36000243343012
Latvia,LVA,2019,0.23910079690404998
Lebanon,LBN,2011,0
Lesotho,LSO,1986,54.07693625409573
Lesotho,LSO,1994,53.746534653465346
Lesotho,LSO,2002,66.33908974193461
Lesotho,LSO,2017,32.399910993562955
Liberia,LBR,2007,53.34777595623197
Liberia,LBR,2014,25.93076233950657
Liberia,LBR,2016,27.6177478999407
Lithuania,LTU,1993,6.6169633031296495
Lithuania,LTU,1996,0
Lithuania,LTU,1998,0.32259647144762
Lithuania,LTU,1999,0.29311337031725
Lithuania,LTU,2000,0.24524175326384998
Lithuania,LTU,2001,0.57852474200125
Lithuania,LTU,2002,0.50380347897206
Lithuania,LTU,2003,0.19467595373129
Lithuania,LTU,2004,0.0924656579951173
Lithuania,LTU,2005,1.7817267987510501
Lithuania,LTU,2006,1.5230170959640001
Lithuania,LTU,2007,1.33956443224958
Lithuania,LTU,2008,0.14939542399069
Lithuania,LTU,2009,2.2432506050406897
Lithuania,LTU,2010,1.5343399193668699
Lithuania,LTU,2011,0.7005750767523801
Lithuania,LTU,2012,0.9477925820895899
Lithuania,LTU,2013,0.70500815246698
Lithuania,LTU,2014,1.26202598293785
Lithuania,LTU,2015,0.7198586038377599
Lithuania,LTU,2016,1.27050592184135
Lithuania,LTU,2017,1.02250726405853
Lithuania,LTU,2018,0.9250136525157999
Lithuania,LTU,2019,0.5479296562313
Luxembourg,LUX,1985,0
Luxembourg,LUX,1991,0
Luxembourg,LUX,1994,0
Luxembourg,LUX,1997,0
Luxembourg,LUX,2000,0
Luxembourg,LUX,2003,0.07174669011851513
Luxembourg,LUX,2004,0.01819233131913085
Luxembourg,LUX,2005,0.03469405025513115
Luxembourg,LUX,2006,0
Luxembourg,LUX,2007,0.02191622378447232
Luxembourg,LUX,2008,0
Luxembourg,LUX,2009,0.04411102284735508
Luxembourg,LUX,2010,0
Luxembourg,LUX,2011,0.11757934531068
Luxembourg,LUX,2012,0.04361894617867454
Luxembourg,LUX,2013,0.08910331031536534
Luxembourg,LUX,2014,0.13992491280699998
Luxembourg,LUX,2015,0.30012452282908
Luxembourg,LUX,2016,0.11721951304108999
Luxembourg,LUX,2017,0.28312986098927
Luxembourg,LUX,2018,0.28481785875307997
Luxembourg,LUX,2019,0.10118747105832
Madagascar,MDG,1980,48.69853898362514
Madagascar,MDG,1993,73.2507085418279
Madagascar,MDG,1997,69.37030298865801
Madagascar,MDG,1999,66.86746234457348
Madagascar,MDG,2001,70.99639647678487
Madagascar,MDG,2005,74.22136457534181
Madagascar,MDG,2010,80.15472944973192
Madagascar,MDG,2012,80.73005790101064
Malawi,MWI,1997,58.4547996013033
Malawi,MWI,2004,68.8645812986107
Malawi,MWI,2010,68.42151117380895
Malawi,MWI,2016,65.7357230818722
Malawi,MWI,2019,70.06059873873986
Malaysia,MYS,1984,3.5981494140624903
Malaysia,MYS,1987,2.86587402343749
Malaysia,MYS,1989,2.2434399414062502
Malaysia,MYS,1992,2.0359619140625
Malaysia,MYS,1995,2.4753271484374904
Malaysia,MYS,1997,0.71786621093749
Malaysia,MYS,2003,1.57125169288801
Malaysia,MYS,2006,0.77013822829762
Malaysia,MYS,2008,0.69657383051965
Malaysia,MYS,2011,0.13992568037886
Malaysia,MYS,2013,0.03397698910886402
Malaysia,MYS,2015,0.01903665396329264
Maldives,MDV,2002,6.608180416347791
Maldives,MDV,2009,3.77289601660928
Maldives,MDV,2016,0
Maldives,MDV,2019,0
Mali,MLI,1994,84.49571932273481
Mali,MLI,2001,57.15224035031918
Mali,MLI,2006,49.676161565088925
Mali,MLI,2009,48.17214135519767
Mali,MLI,2018,14.79144236534986
Malta,MLT,2006,0.51195855795947
Malta,MLT,2007,0.41032436167695
Malta,MLT,2008,0.10901151186392
Malta,MLT,2009,0.43044541626209004
Malta,MLT,2010,0.21927387113008
Malta,MLT,2011,0.18570520036732
Malta,MLT,2012,0.11772206980814001
Malta,MLT,2013,0.029666144928083452
Malta,MLT,2014,0
Malta,MLT,2015,0.08437796459021495
Malta,MLT,2016,0.09208710699930753
Malta,MLT,2017,0.15988650828785
Malta,MLT,2018,0.1033806128801
Malta,MLT,2019,0.30468177918413
Marshall Islands,MHL,2019,0.85434437439115
Mauritania,MRT,1987,41.37429794091362
Mauritania,MRT,1993,42.84811035156249
Mauritania,MRT,1995,21.832048309421882
Mauritania,MRT,2000,21.48799949358974
Mauritania,MRT,2004,18.12638767335992
Mauritania,MRT,2008,11.84261221885725
Mauritania,MRT,2014,6.490837303435961
Mauritius,MUS,2006,0.30761176796310996
Mauritius,MUS,2012,0.41238990172227996
Mauritius,MUS,2017,0.12531370909147
Mexico,MEX,1984,8.306812581928181
Mexico,MEX,1989,9.05351449414161
Mexico,MEX,1992,7.37736590121316
Mexico,MEX,1994,7.31046366885866
Mexico,MEX,1996,18.09687769466144
Mexico,MEX,1998,12.903285072464021
Mexico,MEX,2000,8.92351087110881
Mexico,MEX,2002,6.588872898681119
Mexico,MEX,2004,5.95051529325226
Mexico,MEX,2005,6.544524698936891
Mexico,MEX,2006,4.15240029308072
Mexico,MEX,2008,5.362180598607931
Mexico,MEX,2010,4.51837995938903
Mexico,MEX,2012,3.83989338250938
Mexico,MEX,2014,3.71351163056608
Mexico,MEX,2016,3.21491056611298
Mexico,MEX,2018,2.62938058740129
Mexico,MEX,2020,3.1000052180539
Micronesia (country),FSM,2005,8.559807090652589
Micronesia (country),FSM,2013,16.02843764428928
Micronesia (country) - urban,,2000,43.44735486177562
Middle East and North Africa,,1990,6.13813331259641
Middle East and North Africa,,1991,6.85776436048083
Middle East and North Africa,,1992,5.58008321171821
Middle East and North Africa,,1993,5.099291936192079
Middle East and North Africa,,1994,4.85183813056602
Middle East and North Africa,,1995,5.25127217074973
Middle East and North Africa,,1996,4.835881117003471
Middle East and North Africa,,1997,4.62032774184716
Middle East and North Africa,,1998,4.15583606593111
Middle East and North Africa,,1999,3.98728913249213
Middle East and North Africa,,2000,3.59690101367882
Middle East and North Africa,,2001,3.4887391611674703
Middle East and North Africa,,2003,3.21247447278349
Middle East and North Africa,,2004,2.92307104962669
Middle East and North Africa,,2005,2.68508911604988
Middle East and North Africa,,2006,2.58889552337707
Middle East and North Africa,,2007,2.46817687712954
Middle East and North Africa,,2008,2.3634995211484497
Middle East and North Africa,,2009,2.20936851707903
Middle East and North Africa,,2010,1.8151503312173598
Middle East and North Africa,,2011,2.08792624308956
Middle East and North Africa,,2012,2.0530520255130003
Middle East and North Africa,,2013,2.1896340225273
Middle East and North Africa,,2014,2.56224711373011
Middle East and North Africa,,2015,4.83524231297281
Middle East and North Africa,,2016,5.438899144776141
Middle East and North Africa,,2017,5.97192117591095
Middle East and North Africa,,2018,7.49840795852004
Moldova,MDA,1997,13.009480254578229
Moldova,MDA,1998,24.04740220876587
Moldova,MDA,1999,33.50885548593729
Moldova,MDA,2000,31.08438050607215
Moldova,MDA,2001,23.25572512056323
Moldova,MDA,2002,13.558622258458811
Moldova,MDA,2003,5.60870554927737
Moldova,MDA,2004,6.550409060367921
Moldova,MDA,2005,10.87485997488656
Moldova,MDA,2006,1.96253969020301
Moldova,MDA,2007,0.952441718306
Moldova,MDA,2008,0.9574248622899101
Moldova,MDA,2009,0.65801672329446
Moldova,MDA,2010,0.4104012429813
Moldova,MDA,2011,0.21669710324132
Moldova,MDA,2012,0.1385103523913
Moldova,MDA,2013,0.025188604591838946
Moldova,MDA,2014,0
Moldova,MDA,2015,0.031209243879348442
Moldova,MDA,2016,0.10805441147221
Moldova,MDA,2017,0
Moldova,MDA,2018,0
Moldova,MDA,2019,0.02864513855753552
Mongolia,MNG,1995,14.899599609375
Mongolia,MNG,1998,28.44401836276056
Mongolia,MNG,2002,11.61210197048549
Mongolia,MNG,2007,1.69518859643592
Mongolia,MNG,2010,1.1435707079418
Mongolia,MNG,2011,0.8566814185628701
Mongolia,MNG,2012,0.47310933341499
Mongolia,MNG,2014,0.32755224635199
Mongolia,MNG,2016,0.70649731864109
Mongolia,MNG,2018,0.71158558194555
Montenegro,MNE,2005,0.22841840305515
Montenegro,MNE,2006,0
Montenegro,MNE,2007,0.36064506510751
Montenegro,MNE,2008,0.09389599261956667
Montenegro,MNE,2009,0
Montenegro,MNE,2010,0
Montenegro,MNE,2011,0.21124174848367
Montenegro,MNE,2012,1.26429620020873
Montenegro,MNE,2013,1.0383036328472
Montenegro,MNE,2014,0
Montenegro,MNE,2015,1.34577129646171
Montenegro,MNE,2016,2.47433102703517
Montenegro,MNE,2017,3.31150636115536
Montenegro,MNE,2018,2.8398329979515897
Morocco,MAR,1984,13.19537273406303
Morocco,MAR,1990,4.72880216028698
Morocco,MAR,1998,8.37533396563731
Morocco,MAR,2000,7.93403164541955
Morocco,MAR,2006,4.2422663767652695
Morocco,MAR,2013,1.44311011539477
Mozambique,MOZ,1996,82.68428456648711
Mozambique,MOZ,2002,80.58823008716531
Mozambique,MOZ,2008,70.79581804815527
Mozambique,MOZ,2014,64.64085921012949
Myanmar,MMR,2015,6.2170024137411195
Myanmar,MMR,2017,1.9911567309483302
Namibia,NAM,1993,53.51683212325471
Namibia,NAM,2003,35.861524602286686
Namibia,NAM,2009,26.944029857346607
Namibia,NAM,2015,15.617013667429669
Nauru,NRU,2012,1.38821273523971
Nepal,NPL,1984,68.46161534635233
Nepal,NPL,1995,55.155145037755645
Nepal,NPL,2003,40.30675329934678
Nepal,NPL,2010,8.2404990952601
Netherlands,NLD,1983,0.45828017323070996
Netherlands,NLD,1987,0.24944825328168
Netherlands,NLD,1990,0.95273078980611
Netherlands,NLD,1993,0.97140559121587
Netherlands,NLD,1999,0.20289830383750002
Netherlands,NLD,2004,0.23587565767937999
Netherlands,NLD,2005,0.14832004107034
Netherlands,NLD,2006,0.045792855606780675
Netherlands,NLD,2007,0.0286313310466193
Netherlands,NLD,2008,0.13360895400401002
Netherlands,NLD,2009,0.11077010127793
Netherlands,NLD,2010,0.047438907387671383
Netherlands,NLD,2011,0.09605309521367648
Netherlands,NLD,2012,0.07584219209781122
Netherlands,NLD,2013,0.08687879039405891
Netherlands,NLD,2014,0.05771295823345427
Netherlands,NLD,2015,0.061662622817730474
Netherlands,NLD,2016,0.0459171131712094
Netherlands,NLD,2017,0.1887662287202
Netherlands,NLD,2018,0.10091632123955001
Netherlands,NLD,2019,0.09572870456037527
Nicaragua,NIC,1993,23.04074144482261
Nicaragua,NIC,1998,17.5583248447409
Nicaragua,NIC,2001,18.791191838458012
Nicaragua,NIC,2005,17.25734782428123
Nicaragua,NIC,2009,8.27664410989962
Nicaragua,NIC,2014,3.94102865666967
Niger,NER,1992,84.36486730341592
Niger,NER,1994,85.51636560796736
Niger,NER,2005,80.50121394024882
Niger,NER,2007,78.8910328351451
Niger,NER,2011,60.559054721323534
Niger,NER,2014,53.56470954619922
Niger,NER,2018,50.63352560069884
Nigeria,NGA,1985,47.8218750779088
Nigeria,NGA,1992,52.35387508822472
Nigeria,NGA,1996,58.41951479146963
Nigeria,NGA,2003,47.87892463452969
Nigeria,NGA,2010,34.88532810549715
Nigeria,NGA,2012,33.82892114856768
Nigeria,NGA,2015,32.25662969901555
Nigeria,NGA,2018,30.86329835112231
North Macedonia,MKD,1998,1.13627319166989
North Macedonia,MKD,2000,5.2176625654673
North Macedonia,MKD,2002,1.45655484908516
North Macedonia,MKD,2003,1.24368866682283
North Macedonia,MKD,2004,0.7659340678943299
North Macedonia,MKD,2005,1.4961199721882
North Macedonia,MKD,2006,2.84100877048175
North Macedonia,MKD,2008,0.63659594026828
North Macedonia,MKD,2009,9.76767125662414
North Macedonia,MKD,2010,10.44822687751551
North Macedonia,MKD,2011,9.08707461346255
North Macedonia,MKD,2012,6.91279177303359
North Macedonia,MKD,2013,5.225698457193699
North Macedonia,MKD,2014,4.51673453762894
North Macedonia,MKD,2015,5.50253753929562
North Macedonia,MKD,2016,4.23663557634426
North Macedonia,MKD,2017,4.494006461668279
North Macedonia,MKD,2018,3.39855634834071
Norway,NOR,1979,0.22752122261944
Norway,NOR,1986,0.24487593302028
Norway,NOR,1991,0.47524885131178995
Norway,NOR,1995,0.49103453096304
Norway,NOR,2000,0.23508182941055
Norway,NOR,2003,0.20452435196492
Norway,NOR,2004,0.26484487324794
Norway,NOR,2005,0.20196271953078
Norway,NOR,2006,0.13099637428320002
Norway,NOR,2007,0.12668281227913
Norway,NOR,2008,0.22672549148157
Norway,NOR,2009,0.08694772280222306
Norway,NOR,2010,0.15098813799734
Norway,NOR,2011,0.09757115271569955
Norway,NOR,2012,0.11730681168319
Norway,NOR,2013,0.13043558285971002
Norway,NOR,2014,0.11292122883271
Norway,NOR,2015,0.17004923229462
Norway,NOR,2016,0.28067330742413
Norway,NOR,2017,0.29165247491296004
Norway,NOR,2018,0.25446129825882
Norway,NOR,2019,0.15653396366021
Pakistan,PAK,1987,67.33623015931234
Pakistan,PAK,1990,65.11080454969161
Pakistan,PAK,1996,22.29407022195367
Pakistan,PAK,1998,29.776599011215886
Pakistan,PAK,2001,33.275234733534006
Pakistan,PAK,2004,20.20335848160984
Pakistan,PAK,2005,20.296938694015427
Pakistan,PAK,2007,14.89868296701809
Pakistan,PAK,2010,9.38186406245066
Pakistan,PAK,2011,9.58788454957832
Pakistan,PAK,2013,7.362642870554589
Pakistan,PAK,2015,5.11018829247651
Pakistan,PAK,2018,4.9324480598017795
Palestine,PSE,2004,0.58962619159889
Palestine,PSE,2005,0.20256644610159
Palestine,PSE,2006,0.31365531004360997
Palestine,PSE,2007,1.3573977152157901
Palestine,PSE,2009,0.26513859804434003
Palestine,PSE,2010,0.043602549995577396
Palestine,PSE,2011,0.18903968204617
Palestine,PSE,2016,0.5027173410296699
Panama,PAN,1979,6.249431643955
Panama,PAN,1989,22.48066569332467
Panama,PAN,1991,20.110652628462518
Panama,PAN,1995,15.478677724619342
Panama,PAN,1997,14.221182026837969
Panama,PAN,1998,14.45880534256238
Panama,PAN,1999,12.275087085694759
Panama,PAN,2000,11.07151188655399
Panama,PAN,2001,14.062807838657701
Panama,PAN,2002,9.56435327418676
Panama,PAN,2003,9.92074660746554
Panama,PAN,2004,8.79402183682257
Panama,PAN,2005,8.56497786612454
Panama,PAN,2006,9.38963773084297
Panama,PAN,2007,6.66594128624578
Panama,PAN,2008,4.07314893668062
Panama,PAN,2009,2.52820874367114
Panama,PAN,2010,3.39206675205277
Panama,PAN,2011,2.45223681493548
Panama,PAN,2012,3.46514569619215
Panama,PAN,2013,2.24455927022874
Panama,PAN,2014,2.8937746057083302
Panama,PAN,2015,1.5139548529737101
Panama,PAN,2016,1.51692673087935
Panama,PAN,2017,2.09712857514668
Panama,PAN,2018,1.4056448898632201
Panama,PAN,2019,1.00409953625112
Papua New Guinea,PNG,1996,52.644898578167975
Papua New Guinea,PNG,2009,39.683311918010524
Paraguay,PRY,1990,1.18922961854899
Paraguay,PRY,1995,12.403019228966231
Paraguay,PRY,1997,10.55316871115822
Paraguay,PRY,1999,10.20673848466873
Paraguay,PRY,2001,8.940979701091829
Paraguay,PRY,2002,13.235834432757521
Paraguay,PRY,2003,8.302467785337669
Paraguay,PRY,2004,5.70777192271266
Paraguay,PRY,2005,6.07228005962712
Paraguay,PRY,2006,7.947743744908201
Paraguay,PRY,2007,7.842305397681059
Paraguay,PRY,2008,4.321987815780489
Paraguay,PRY,2009,5.767491884253221
Paraguay,PRY,2010,5.45974134388832
Paraguay,PRY,2011,5.04801434101711
Paraguay,PRY,2012,3.3313099794028798
Paraguay,PRY,2013,1.78756603842674
Paraguay,PRY,2014,2.4138879882759303
Paraguay,PRY,2015,1.89134462238234
Paraguay,PRY,2016,1.6942916866709
Paraguay,PRY,2017,0.9814393633792801
Paraguay,PRY,2018,1.40668662479203
Paraguay,PRY,2019,1.01151069294779
Paraguay,PRY,2020,0.8132835708154099
Peru,PER,1985,3.5189524978610995
Peru,PER,1994,17.49187543646806
Peru,PER,1997,19.88415962377042
Peru,PER,1998,19.4907593241137
Peru,PER,1999,19.33591020010827
Peru,PER,2000,19.26862648219036
Peru,PER,2001,20.32250934411352
Peru,PER,2002,17.57169748295561
Peru,PER,2003,14.71223051641141
Peru,PER,2004,16.331991195420862
Peru,PER,2005,17.82866114462938
Peru,PER,2006,15.60482261311227
Peru,PER,2007,13.24040699774454
Peru,PER,2008,10.9504656897158
Peru,PER,2009,8.82283676993851
Peru,PER,2010,6.835758112584619
Peru,PER,2011,6.508266031040059
Peru,PER,2012,6.08196914265217
Peru,PER,2013,5.4265119913401
Peru,PER,2014,4.82954918743312
Peru,PER,2015,4.7416699786162395
Peru,PER,2016,4.6180253749671305
Peru,PER,2017,4.49705930000927
Peru,PER,2018,3.5692993111258002
Peru,PER,2019,2.9780640035687598
Peru,PER,2020,5.825760661016051
Philippines,PHL,1985,28.730370311731228
Philippines,PHL,1988,25.76087005477856
Philippines,PHL,1991,27.19501485531184
Philippines,PHL,1994,25.580335798716803
Philippines,PHL,1997,18.16164225034547
Philippines,PHL,2000,15.031991183631218
Philippines,PHL,2003,13.634614155693669
Philippines,PHL,2006,15.298533393577902
Philippines,PHL,2009,11.12621718623269
Philippines,PHL,2012,12.485543788866
Philippines,PHL,2015,8.29090428886024
Philippines,PHL,2018,5.04459847378497
Poland,POL,1985,0.19917114257812
Poland,POL,1986,0.24560686276976998
Poland,POL,1987,0.15035278320311998
Poland,POL,1989,0.089329833984375
Poland,POL,1992,0.22361156605826998
Poland,POL,1993,0.17476196289062002
Poland,POL,1995,1.7447742985786399
Poland,POL,1996,3.00012451171875
Poland,POL,1998,0.03167400640509837
Poland,POL,1999,0.0720898230362937
Poland,POL,2000,0.13940533897819
Poland,POL,2001,0.08741436029392417
Poland,POL,2002,0.08475815212742192
Poland,POL,2003,0.07538548535716456
Poland,POL,2004,0.10529656906099001
Poland,POL,2005,0.18467622191922
Poland,POL,2006,0.03908557498404378
Poland,POL,2007,0.03142650454017552
Poland,POL,2008,0.012630831887146823
Poland,POL,2009,0.015364227879178918
Poland,POL,2010,0.00746690051822198
Poland,POL,2011,0.028970924272754252
Poland,POL,2012,0.02196888201196591
Poland,POL,2013,0.009054769881848572
Poland,POL,2014,0.010303650583729852
Poland,POL,2015,0
Poland,POL,2016,0.004540367577949533
Poland,POL,2017,0.0018125184846940051
Poland,POL,2018,0.006473540170996706
Poland,POL,2019,0
Portugal,PRT,2003,0.8958963681535599
Portugal,PRT,2004,0.5366483596348101
Portugal,PRT,2005,0.5435212138683201
Portugal,PRT,2006,0.09266589564317107
Portugal,PRT,2007,0.25771354262317
Portugal,PRT,2008,0.13725239366477
Portugal,PRT,2009,0.1658966148588
Portugal,PRT,2010,0.13645983093393
Portugal,PRT,2011,0.5080361043597
Portugal,PRT,2012,0.70321063835572
Portugal,PRT,2013,0.85518591596952
Portugal,PRT,2014,0.54567377854249
Portugal,PRT,2015,0.48239423381176
Portugal,PRT,2016,0.37463701452072
Portugal,PRT,2017,0.41049599946597004
Portugal,PRT,2018,0.29025389776447
Portugal,PRT,2019,0.14872061714375
Romania,ROU,1989,0.28460327148437
Romania,ROU,1992,0.5531042480468701
Romania,ROU,1994,8.90714599609375
Romania,ROU,1995,1.74858431062155
Romania,ROU,1997,2.24891608236236
Romania,ROU,1998,1.66048999688699
Romania,ROU,1999,5.32887385571398
Romania,ROU,2000,6.21738024969445
Romania,ROU,2001,4.44161784674424
Romania,ROU,2002,4.587094727121889
Romania,ROU,2003,3.1756172041441197
Romania,ROU,2004,2.23873419330164
Romania,ROU,2005,1.77177382969135
Romania,ROU,2006,1.9326319229139899
Romania,ROU,2007,0.8610132150303399
Romania,ROU,2008,0
Romania,ROU,2009,0
Romania,ROU,2010,0
Romania,ROU,2011,0
Romania,ROU,2012,0
Romania,ROU,2013,0
Romania,ROU,2014,7.0226743000288
Romania,ROU,2015,5.26611906890214
Romania,ROU,2016,0
Romania,ROU,2017,3.26613324316894
Romania,ROU,2018,0
Romania,ROU,2019,2.16407661653183
Russia,RUS,1993,3.5288972563598002
Russia,RUS,1996,4.6565040488098
Russia,RUS,1997,1.5220834717626899
Russia,RUS,1998,2.28444728151849
Russia,RUS,1999,4.385636614120799
Russia,RUS,2000,2.97540665331609
Russia,RUS,2001,1.7576264980771898
Russia,RUS,2002,1.011396767912
Russia,RUS,2003,1.09298742841249
Russia,RUS,2004,1.0032748787378098
Russia,RUS,2005,0.77475622214494
Russia,RUS,2006,0.44096820422309
Russia,RUS,2007,0.20139944368161
Russia,RUS,2008,0.09212515072066285
Russia,RUS,2009,0.06618149639341166
Russia,RUS,2010,0.08332944854909481
Russia,RUS,2011,0.038264906100942436
Russia,RUS,2012,0.03221140205717434
Russia,RUS,2013,0.008163993330596682
Russia,RUS,2014,0.021315758220604993
Russia,RUS,2015,0.03634018984079394
Russia,RUS,2016,0.027193298763498814
Russia,RUS,2017,0.03343169318096875
Russia,RUS,2018,0.029192208483934175
Russia,RUS,2019,0.03000163734218309
Russia,RUS,2020,0.010164272341357337
Rwanda,RWA,2000,75.21360479348368
Rwanda,RWA,2005,66.05174515211634
Rwanda,RWA,2010,59.205156374191816
Rwanda,RWA,2013,53.74718795359673
Rwanda,RWA,2016,52.00539340040897
Rwanda - rural,,1984,58.59114667167014
Saint Lucia,LCA,1995,38.12340515773652
Saint Lucia,LCA,2016,5.12280497053847
Samoa,WSM,2002,2.178177843608
Samoa,WSM,2008,1.05252596750424
Samoa,WSM,2013,1.1504770214409399
Sao Tome and Principe,STP,2000,20.44645247725854
Sao Tome and Principe,STP,2010,22.61578972597427
Sao Tome and Principe,STP,2017,15.551899477593171
Senegal,SEN,1991,70.09887357907702
Senegal,SEN,1994,60.25185546875
Senegal,SEN,2001,52.44070875642063
Senegal,SEN,2005,41.061753982869796
Senegal,SEN,2011,40.984365421247034
Senegal,SEN,2018,9.33548494973649
Serbia,SRB,2002,0.12799848459453
Serbia,SRB,2003,0.38046145642777
Serbia,SRB,2004,0.7966684778238
Serbia,SRB,2005,0.7877403098445901
Serbia,SRB,2006,0.47052858018399
Serbia,SRB,2007,0.36930902639083
Serbia,SRB,2008,0.11198602272974999
Serbia,SRB,2009,0.14450178697026
Serbia,SRB,2010,0.0977794028262099
Serbia,SRB,2012,5.34019096621322
Serbia,SRB,2013,0.22547900514248
Serbia,SRB,2014,6.92315037176217
Serbia,SRB,2015,0.0717190550516567
Serbia,SRB,2016,6.3563869004585705
Serbia,SRB,2017,5.39484196454185
Serbia,SRB,2018,0.03704302954105708
Serbia,SRB,2019,0.04523183373057641
Seychelles,SYC,1999,0.75826508947528
Seychelles,SYC,2006,0.37248195605525997
Seychelles,SYC,2013,1.23605919440869
Seychelles,SYC,2018,0.51100400760189
Sierra Leone,SLE,1989,67.08642578125001
Sierra Leone,SLE,2003,61.33197899634916
Sierra Leone,SLE,2011,38.69812928071837
Sierra Leone,SLE,2018,26.062034121157
Slovakia,SVK,1992,0
Slovakia,SVK,1996,1.49348181685228
Slovakia,SVK,2004,0.07502054738878465
Slovakia,SVK,2005,0.09284781120798796
Slovakia,SVK,2006,0
Slovakia,SVK,2007,0
Slovakia,SVK,2008,0
Slovakia,SVK,2009,0
Slovakia,SVK,2010,0.49510788865337996
Slovakia,SVK,2011,0.42386076836874004
Slovakia,SVK,2012,0.40092896650538
Slovakia,SVK,2013,0.28149927761831
Slovakia,SVK,2014,0.6754491821862201
Slovakia,SVK,2015,0.66175980204606
Slovakia,SVK,2016,1.38070072240889
Slovakia,SVK,2017,0.22536847115896
Slovakia,SVK,2018,0.16945707285896
Slovakia,SVK,2019,0.11811626194862002
Slovenia,SVN,1987,0.016102294921875
Slovenia,SVN,1993,0.040511474609375
Slovenia,SVN,1997,0
Slovenia,SVN,1998,0.028306884765625002
Slovenia,SVN,1999,0
Slovenia,SVN,2002,0
Slovenia,SVN,2003,0
Slovenia,SVN,2004,0.025957222658867764
Slovenia,SVN,2005,0.10145093478143
Slovenia,SVN,2006,0.050460541187082965
Slovenia,SVN,2007,0.03234886889830506
Slovenia,SVN,2008,0
Slovenia,SVN,2009,0
Slovenia,SVN,2010,0.00915774460743537
Slovenia,SVN,2011,0
Slovenia,SVN,2012,0.026254446626494968
Slovenia,SVN,2013,0.021756854970316392
Slovenia,SVN,2014,0
Slovenia,SVN,2015,0.004852958142730497
Slovenia,SVN,2016,0
Slovenia,SVN,2017,0
Slovenia,SVN,2018,0
Slovenia,SVN,2019,0
Solomon Islands,SLB,2005,50.61650181474765
Solomon Islands,SLB,2012,26.564885595052928
Somalia,SOM,2017,70.72620128380875
South Africa,ZAF,1993,33.53771157298258
South Africa,ZAF,2000,36.82296583862709
South Africa,ZAF,2005,28.32473967977584
South Africa,ZAF,2008,18.66297331597083
South Africa,ZAF,2010,18.06388656751335
South Africa,ZAF,2014,20.48492024065575
South Asia,,1990,49.66865162852943
South Asia,,1991,48.9660726454404
South Asia,,1992,47.22537731085214
South Asia,,1993,46.12011371475916
South Asia,,1994,45.3240539363461
South Asia,,1995,43.46127491382915
South Asia,,1996,42.10045599836381
South Asia,,2002,39.90332646848029
South Asia,,2003,38.73358527099372
South Asia,,2004,36.90219817955116
South Asia,,2005,35.05093228437881
South Asia,,2006,33.63385924647247
South Asia,,2007,31.83800223704749
South Asia,,2008,30.44413760784171
South Asia,,2009,29.37491278719886
South Asia,,2010,26.22033348870786
South Asia,,2011,21.48245638971866
South Asia,,2012,19.74046741604901
South Asia,,2013,18.9428932248173
South Asia,,2014,17.976180878701918
South Asia,,2015,16.71264913479681
South Asia,,2016,15.77438802765035
South Asia,,2017,12.58755141392366
South Asia,,2018,10.015862986404029
South Asia,,2019,8.51313775589401
South Korea,KOR,2006,0.24944234251427
South Korea,KOR,2008,0.2427591092818
South Korea,KOR,2010,0.49589972210306
South Korea,KOR,2012,0.24928062604131998
South Korea,KOR,2014,0.2356428590361
South Korea,KOR,2016,0.22666514266768
South Sudan,SSD,2009,34.541648072607686
South Sudan,SSD,2016,67.32726541036001
Spain,ESP,1980,0.49692679104445
Spain,ESP,1985,0.23731554700131002
Spain,ESP,1990,0.49442650277715
Spain,ESP,1995,1.24482940512956
Spain,ESP,2000,0.48738155479519996
Spain,ESP,2003,0.8087511121469699
Spain,ESP,2004,0.8176518084878299
Spain,ESP,2005,0.7379748878337
Spain,ESP,2006,0.7696317690366999
Spain,ESP,2007,0.36304084721986
Spain,ESP,2008,0.48891858417990997
Spain,ESP,2009,0.80560042234927
Spain,ESP,2010,0.67572515318341
Spain,ESP,2011,1.12732963888181
Spain,ESP,2012,0.9365936685849299
Spain,ESP,2013,1.13630403994849
Spain,ESP,2014,0.7871572270412199
Spain,ESP,2015,0.9035269887417499
Spain,ESP,2016,1.12527963436535
Spain,ESP,2017,0.67809108551163
Spain,ESP,2018,0.83861454268535
Spain,ESP,2019,0.79381342452812
Sri Lanka,LKA,1985,16.949970703125
Sri Lanka,LKA,1990,11.61638826604505
Sri Lanka,LKA,1995,11.77527360665234
Sri Lanka,LKA,2002,11.017083250651579
Sri Lanka,LKA,2006,5.62936456425277
Sri Lanka,LKA,2009,3.49546086786435
Sri Lanka,LKA,2012,2.5871486588628203
Sri Lanka,LKA,2016,1.2953176123674401
Sub-Saharan Africa,,1990,53.290378913956104
Sub-Saharan Africa,,1991,55.2132605678638
Sub-Saharan Africa,,1992,56.71229473499801
Sub-Saharan Africa,,1993,58.04356306300823
Sub-Saharan Africa,,1994,58.66693218792689
Sub-Saharan Africa,,1995,57.960729096676445
Sub-Saharan Africa,,1996,57.01660162712736
Sub-Saharan Africa,,1997,56.67384613703123
Sub-Saharan Africa,,1998,56.480121184813505
Sub-Saharan Africa,,1999,56.294956704876284
Sub-Saharan Africa,,2000,55.78254436529967
Sub-Saharan Africa,,2001,55.00987749833496
Sub-Saharan Africa,,2002,54.00506009483122
Sub-Saharan Africa,,2003,52.88133469158972
Sub-Saharan Africa,,2004,50.3614589099338
Sub-Saharan Africa,,2005,48.6991222952267
Sub-Saharan Africa,,2006,47.3409768803524
Sub-Saharan Africa,,2007,46.04481112899333
Sub-Saharan Africa,,2008,44.50158581033129
Sub-Saharan Africa,,2009,43.999236165470165
Sub-Saharan Africa,,2010,42.12702224135446
Sub-Saharan Africa,,2011,40.926025803841185
Sub-Saharan Africa,,2012,40.258227620541646
Sub-Saharan Africa,,2013,39.18806675592343
Sub-Saharan Africa,,2014,38.05536217902053
Sub-Saharan Africa,,2015,37.99972749541804
Sub-Saharan Africa,,2016,37.53479169397645
Sub-Saharan Africa,,2017,36.68992018899791
Sub-Saharan Africa,,2018,35.68965373223743
Sub-Saharan Africa,,2019,35.1416722542006
Sudan,SDN,2009,18.57616891542287
Sudan,SDN,2014,15.263059941489459
Suriname - urban,,1999,18.41794569067296
Sweden,SWE,1967,7.99835762289243
Sweden,SWE,1975,0.49898670832826997
Sweden,SWE,1981,0.24968058006220997
Sweden,SWE,1987,0.24625529800218002
Sweden,SWE,1992,0.24351319919036002
Sweden,SWE,1995,0.24724912564248
Sweden,SWE,2000,0
Sweden,SWE,2003,0.3237096254472
Sweden,SWE,2004,0.39717203086178005
Sweden,SWE,2005,1.0845831375283899
Sweden,SWE,2006,0.36438262754349
Sweden,SWE,2007,0.41083916754912
Sweden,SWE,2008,0.57640247054234
Sweden,SWE,2009,0.45801590448466
Sweden,SWE,2010,0.5474091966086101
Sweden,SWE,2011,0.61565129564299
Sweden,SWE,2012,0.45700212893770004
Sweden,SWE,2013,0.65087144273413
Sweden,SWE,2014,0.47433354077045997
Sweden,SWE,2015,0.5691550979371199
Sweden,SWE,2016,0.26145265383926
Sweden,SWE,2017,0.24834995636587998
Sweden,SWE,2018,0.72550683309555
Sweden,SWE,2019,0.31651861169315
Switzerland,CHE,1982,0.69740707458248
Switzerland,CHE,1992,0.49456294173576
Switzerland,CHE,2000,0
Switzerland,CHE,2002,0
Switzerland,CHE,2006,0.046570356879883465
Switzerland,CHE,2007,0.020816399871975415
Switzerland,CHE,2008,0.0684796053578276
Switzerland,CHE,2009,0.03805773110587353
Switzerland,CHE,2010,0.04867020618203078
Switzerland,CHE,2011,0.0031113162766244627
Switzerland,CHE,2012,0.008965495321666178
Switzerland,CHE,2013,0.04218374326780906
Switzerland,CHE,2014,0.03276806390788568
Switzerland,CHE,2015,0.03054255627591049
Switzerland,CHE,2016,0.034275331669892335
Switzerland,CHE,2017,0
Switzerland,CHE,2018,0.03050398095925662
Syria,SYR,1996,2.46866533375791
Syria,SYR,2003,1.09812113378266
Taiwan,TWN,1981,0
Taiwan,TWN,1986,0
Taiwan,TWN,1991,0
Taiwan,TWN,1995,0.49881067361599
Taiwan,TWN,1997,0
Taiwan,TWN,2000,0
Taiwan,TWN,2005,0
Taiwan,TWN,2007,0
Taiwan,TWN,2010,0.24100541033166
Taiwan,TWN,2013,0
Taiwan,TWN,2016,0
Tajikistan,TJK,1999,61.9624038735403
Tajikistan,TJK,2003,36.749759091221016
Tajikistan,TJK,2004,21.358160936279962
Tajikistan,TJK,2007,12.797471935583928
Tajikistan,TJK,2009,6.792115552070591
Tajikistan,TJK,2015,6.11452914102857
Tanzania,TZA,1991,69.28886414698022
Tanzania,TZA,2000,84.03533021821556
Tanzania,TZA,2007,56.24071126695388
Tanzania,TZA,2011,44.65546314101975
Tanzania,TZA,2018,44.94932284336683
Thailand,THA,1981,22.7282506603292
Thailand,THA,1988,18.0483837890625
Thailand,THA,1990,12.34501077934535
Thailand,THA,1992,8.99500763574335
Thailand,THA,1994,4.50398647340737
Thailand,THA,1996,3.08619519073439
Thailand,THA,1998,2.1752708888781203
Thailand,THA,1999,3.95053117171877
Thailand,THA,2000,3.9674914099109997
Thailand,THA,2002,1.75929488106816
Thailand,THA,2004,1.1857114284699801
Thailand,THA,2006,0.92987512351219
Thailand,THA,2007,0.54169595436774
Thailand,THA,2008,0.30446865713189003
Thailand,THA,2009,0.24722660132523003
Thailand,THA,2010,0.26523821789237
Thailand,THA,2011,0.07156153128439033
Thailand,THA,2012,0.11532051635132999
Thailand,THA,2013,0.060821895377178255
Thailand,THA,2014,0.09025825379890048
Thailand,THA,2015,0.046537518965931224
Thailand,THA,2016,0.03614750179552034
Thailand,THA,2017,0.03708828354105943
Thailand,THA,2018,0.03213395504885282
Thailand,THA,2019,0.09503760191704877
Thailand,THA,2020,0.046665338043943926
Timor,TLS,2001,21.80213349054243
Timor,TLS,2007,17.344942001206558
Timor,TLS,2014,8.006142299006159
Togo,TGO,2006,60.96915539863031
Togo,TGO,2011,58.88720759304632
Togo,TGO,2015,54.69216151534566
Togo,TGO,2018,28.06985483760191
Tonga,TON,2000,3.09480938857059
Tonga,TON,2009,1.26161017671476
Tonga,TON,2015,1.10474941804361
Trinidad and Tobago,TTO,1988,0
Trinidad and Tobago,TTO,1992,2.08478027343749
Tunisia,TUN,1985,12.28781738281249
Tunisia,TUN,1990,8.553212890625
Tunisia,TUN,1995,9.48076171875
Tunisia,TUN,2000,4.37924316406249
Tunisia,TUN,2005,2.56806167765305
Tunisia,TUN,2010,1.49602254313122
Tunisia,TUN,2015,0.14006154740587
Turkey,TUR,1987,2.1580078124999997
Turkey,TUR,1994,2.95130615234374
Turkey,TUR,2002,2.10441513270984
Turkey,TUR,2003,3.85558958813162
Turkey,TUR,2004,2.01364978089244
Turkey,TUR,2005,2.34066645046141
Turkey,TUR,2006,1.7702270480266
Turkey,TUR,2007,1.30533885764483
Turkey,TUR,2008,0.5649478248404399
Turkey,TUR,2009,0.72038999240374
Turkey,TUR,2010,0.77376915093296
Turkey,TUR,2011,0.12952741319178998
Turkey,TUR,2012,0.09306084901529928
Turkey,TUR,2013,0.29810534217085
Turkey,TUR,2014,0.20468257885959
Turkey,TUR,2015,0.21237285626367
Turkey,TUR,2016,0.20271698394326
Turkey,TUR,2017,0.13864725173713
Turkey,TUR,2018,0.04039695395291514
Turkey,TUR,2019,0.36060978928574
Turkmenistan,TKM,1998,43.1151055408971
Tuvalu,TUV,2010,3.6253518624721
Uganda,UGA,1989,59.40697748136712
Uganda,UGA,1992,65.85873584307778
Uganda,UGA,1996,64.93442768192006
Uganda,UGA,1999,68.67173158540072
Uganda,UGA,2002,66.70400601499085
Uganda,UGA,2005,58.03153228649891
Uganda,UGA,2009,46.71518346098042
Uganda,UGA,2012,37.544044255677846
Uganda,UGA,2016,42.73089372949609
Uganda,UGA,2019,42.20772862992762
Ukraine,UKR,1992,3.9067446277605997
Ukraine,UKR,1993,1.9460162104297198
Ukraine,UKR,1995,7.1008666992187495
Ukraine,UKR,1996,7.20801287783938
Ukraine,UKR,1999,11.726406249999991
Ukraine,UKR,2002,2.66299703400114
Ukraine,UKR,2003,1.13851595708453
Ukraine,UKR,2004,0.92967155646025
Ukraine,UKR,2005,0.39681149980935004
Ukraine,UKR,2006,0.16045213812432998
Ukraine,UKR,2007,0.102030779862
Ukraine,UKR,2008,0.02682108834811902
Ukraine,UKR,2009,0.06931826734743851
Ukraine,UKR,2010,0.01253679729814942
Ukraine,UKR,2011,0.0113485822903965
Ukraine,UKR,2012,0.11384704208024
Ukraine,UKR,2013,0.004414645927011812
Ukraine,UKR,2014,0.012276274570196283
Ukraine,UKR,2015,0.12321676484742
Ukraine,UKR,2016,0.09834749687469936
Ukraine,UKR,2017,0.032223950824855616
Ukraine,UKR,2018,0.00993522389662594
Ukraine,UKR,2019,0
Ukraine,UKR,2020,0.028825608882279675
United Arab Emirates,ARE,2013,0
United Kingdom,GBR,1969,0.23430556459740998
United Kingdom,GBR,1974,0.23726668508982
United Kingdom,GBR,1979,0.22443617830204998
United Kingdom,GBR,1986,0.9928843318179601
United Kingdom,GBR,1991,0.24079675412053003
United Kingdom,GBR,1994,0.24662726099752
United Kingdom,GBR,1995,0.24714140992835001
United Kingdom,GBR,1996,0.24636719502888002
United Kingdom,GBR,1997,0.24725113229235002
United Kingdom,GBR,1998,0.24555744163816998
United Kingdom,GBR,1999,0.24853189048256003
United Kingdom,GBR,2000,0.24815137698065
United Kingdom,GBR,2001,0.23821338982918
United Kingdom,GBR,2002,0.24294824556936
United Kingdom,GBR,2003,0.24797288287337002
United Kingdom,GBR,2004,0.37132296396803
United Kingdom,GBR,2005,0.5231940987647801
United Kingdom,GBR,2006,0.19794392345770997
United Kingdom,GBR,2007,0.26680521297857
United Kingdom,GBR,2008,0.29490336965582
United Kingdom,GBR,2009,0.17264761758237
United Kingdom,GBR,2010,0.16331408122531
United Kingdom,GBR,2011,0.37893907185464
United Kingdom,GBR,2012,0.16891754735549
United Kingdom,GBR,2013,0.15960232414310999
United Kingdom,GBR,2014,0.19663476379074
United Kingdom,GBR,2015,0.14745727825820001
United Kingdom,GBR,2016,0.21026168404023002
United Kingdom,GBR,2017,0.3115664869821
United States,USA,1974,0.73594614677158
United States,USA,1979,0.49915837768329996
United States,USA,1986,0.49898780862626996
United States,USA,1991,0.49938721039542
United States,USA,1992,0.49789933769733996
United States,USA,1993,0.49965855468389997
United States,USA,1994,0.4997927893857
United States,USA,1995,0.49998137028884
United States,USA,1996,0.74854541014724
United States,USA,1997,0.74906164511818
United States,USA,1998,0.74883406053438
United States,USA,1999,0.7480562125012701
United States,USA,2000,0.7495953662845
United States,USA,2001,0.74930692802001
United States,USA,2002,0.7489158613740501
United States,USA,2003,0.99741973285386
United States,USA,2004,0.9998820511465001
United States,USA,2005,0.99973181076449
United States,USA,2006,0.9989091468230101
United States,USA,2007,0.99989044362638
United States,USA,2008,0.99974924122467
United States,USA,2009,0.9993860187545001
United States,USA,2010,0.99972679742009
United States,USA,2011,0.9989761697686099
United States,USA,2012,0.99847968411154
United States,USA,2013,0.99546391537517
United States,USA,2014,1.2489468219842002
United States,USA,2015,1.24918810472736
United States,USA,2016,0.9993910607473501
United States,USA,2017,1.24992287725853
United States,USA,2018,0.9997918753233
United States,USA,2019,0.9991705215858601
Uruguay,URY,2006,0.56408826356815
Uruguay,URY,2007,0.38097278008038
Uruguay,URY,2008,0.22757797716230999
Uruguay,URY,2009,0.28220024206553
Uruguay,URY,2010,0.16911623845567
Uruguay,URY,2011,0.13941856458875
Uruguay,URY,2012,0.16938529608506
Uruguay,URY,2013,0.17424801202464002
Uruguay,URY,2014,0.153461778499
Uruguay,URY,2015,0.14976594563014
Uruguay,URY,2016,0.09227166572641005
Uruguay,URY,2017,0.0663459041211487
Uruguay,URY,2018,0.055849954732442204
Uruguay,URY,2019,0.10207200483349001
Uruguay,URY,2020,0.20301820012475
Uruguay - urban,,1981,0
Uruguay - urban,,1989,0.6781314766876
Uruguay - urban,,1992,0.56086154066694
Uruguay - urban,,1995,0.53446241410425
Uruguay - urban,,1996,0.59042617098329
Uruguay - urban,,1997,0.56784939945624
Uruguay - urban,,1998,0.64307721624755
Uruguay - urban,,2000,0.65512134481094
Uruguay - urban,,2001,0.49742899098379
Uruguay - urban,,2002,0.63463683416812
Uruguay - urban,,2003,0.8112068480083701
Uruguay - urban,,2004,1.03264130641447
Uruguay - urban,,2005,0.86166727133784
Uzbekistan,UZB,1998,59.398898733272276
Uzbekistan,UZB,2000,82.3040749582421
Uzbekistan,UZB,2002,81.3350530696575
Uzbekistan,UZB,2003,82.19681768021083
Vanuatu,VUT,2010,14.65041995647357
Vanuatu,VUT,2019,9.99946154652069
Venezuela,VEN,1981,6.680372930063321
Venezuela,VEN,1987,7.030515903986299
Venezuela,VEN,1989,5.3182490595809995
Venezuela,VEN,1992,4.526043189528569
Venezuela,VEN,1995,9.92808497209838
Venezuela,VEN,1998,10.43187037868764
Venezuela,VEN,1999,11.83312344412004
Venezuela,VEN,2001,10.29149146988056
Venezuela,VEN,2002,16.38135300945484
Venezuela,VEN,2003,19.65253442122327
Venezuela,VEN,2004,16.60901168658639
Venezuela,VEN,2005,14.35570989115301
Venezuela,VEN,2006,7.130036624332189
Vietnam,VNM,1992,45.06900457233944
Vietnam,VNM,1997,24.38948159714026
Vietnam,VNM,2002,29.9392540833545
Vietnam,VNM,2004,20.14201176237894
Vietnam,VNM,2006,14.901668471335281
Vietnam,VNM,2008,11.13982687302453
Vietnam,VNM,2010,2.8704822089259103
Vietnam,VNM,2012,1.66016232589243
Vietnam,VNM,2014,1.91204581005956
Vietnam,VNM,2016,1.26344524575647
Vietnam,VNM,2018,1.2314411596216
World,OWID_WRL,1990,37.80689239822868
World,OWID_WRL,1991,37.3507433904906
World,OWID_WRL,1992,36.485326430952455
World,OWID_WRL,1993,35.61761779721378
World,OWID_WRL,1994,34.27256276899251
World,OWID_WRL,1995,32.7921464147263
World,OWID_WRL,1996,31.25663864747355
World,OWID_WRL,1997,31.05971656882483
World,OWID_WRL,1998,31.25677324862191
World,OWID_WRL,1999,30.309404241195182
World,OWID_WRL,2000,29.134513597823258
World,OWID_WRL,2001,28.25206401935048
World,OWID_WRL,2002,26.85096309719765
World,OWID_WRL,2003,25.53824001865389
World,OWID_WRL,2004,23.64723220100401
World,OWID_WRL,2005,21.68837409738174
World,OWID_WRL,2006,20.888735580146513
World,OWID_WRL,2007,19.64485780937867
World,OWID_WRL,2008,18.78715975042159
World,OWID_WRL,2009,17.898110516646838
World,OWID_WRL,2010,16.27791622617871
World,OWID_WRL,2011,14.20294445693266
World,OWID_WRL,2012,13.252826547854399
World,OWID_WRL,2013,11.727619200875889
World,OWID_WRL,2014,11.17860470206647
World,OWID_WRL,2015,10.79312570319063
World,OWID_WRL,2016,10.46935868348473
World,OWID_WRL,2017,9.61058511489636
World,OWID_WRL,2018,8.85953714119838
World,OWID_WRL,2019,8.43503490063956
Yemen,YEM,1998,8.09864256019916
Yemen,YEM,2005,10.542901118853031
Yemen,YEM,2014,19.80275668628586
Zambia,ZMB,1991,57.43859722926516
Zambia,ZMB,1993,59.05604671893683
Zambia,ZMB,1996,46.77338489859676
Zambia,ZMB,1998,47.22561016841868
Zambia,ZMB,2002,56.38885202019356
Zambia,ZMB,2004,61.06245755213444
Zambia,ZMB,2006,64.69802769221572
Zambia,ZMB,2010,68.45660587534717
Zambia,ZMB,2015,61.35216042615463
Zimbabwe,ZWE,2011,21.5800634727354
Zimbabwe,ZWE,2017,34.20604551812272
Zimbabwe,ZWE,2019,39.75453322816893